/* generated by tools/ae_font_data.py from port/assets/fonts/OpenCE-Regular.ttf: do not edit */
#ifdef HALO_GAME_BROWSER
const unsigned int ae_font_opence[] = {
	0x00000100, 0x80000e00, 0x60000300, 0x322f534f, 0xc674ba5b, 0x68010000, 0x4e000000, 0x70616d63,
	0xfdc691af, 0x10050000, 0xe8010000, 0x20747663, 0x6c043e02, 0xa8070000, 0x48000000, 0x6d677066,
	0x7ae97cd3, 0xf8060000, 0x9c000000, 0x66796c67, 0xb9feab8f, 0xa0090000, 0x18ae0000, 0x64616568,
	0x1c9719c7, 0xec000000, 0x36000000, 0x61656868, 0x3605cd07, 0x24010000, 0x24000000, 0x78746d68,
	0xd22125fd, 0xb8010000, 0x58030000, 0x6e72656b, 0xf321e820, 0xb8b70000, 0xa8030000, 0x61636f6c,
	0xac12383c, 0xf0070000, 0xae010000, 0x7078616d, 0xe5011401, 0x48010000, 0x20000000, 0x656d616e,
	0x0d5aabe1, 0x60bb0000, 0xe9040000, 0x74736f70, 0x32305830, 0x4cc00000, 0xce010000, 0x70657270,
	0xf25b7dc8, 0x94070000, 0x14000000, 0x00000100, 0x00000200, 0x35cbea14, 0xf53c0f5f, 0xe8030200,
	0x00000000, 0xc09d257c, 0x00000000, 0xa1b5ece6, 0x16ffbcff, 0xc4033505, 0x04000000, 0x00000100,
	0x00000000, 0x00000100, 0x42ffd902, 0x48050000, 0xd5ffbcff, 0x01003505, 0x00000000, 0x00000000,
	0x00000000, 0xd6000000, 0x00000100, 0xc800d600, 0x00000700, 0x03000000, 0x04000300, 0x00000800,
	0x16012b00, 0x00000000, 0xf4010000, 0x05009001, 0xf4010000, 0x0000f401, 0xf4010cfe, 0x0000f401,
	0x3200fa00, 0x0000fa00, 0x00050b02, 0x00000000, 0x00000000, 0x00000000, 0x00000000, 0x00000000,
	0x54440000, 0x40005350, 0x19222000, 0x42ffd902, 0xc4030000, 0x0000ea00, 0xfffff601, 0x00007b01,
	0x50003901, 0x27004a01, 0x15000203, 0x2900f002, 0x14009a03, 0x37002503, 0x2700c500, 0x3b005c01,
	0x27005c01, 0x4a00f401, 0x7b004003, 0x2700c500, 0x19008301, 0x2700c500, 0xfcffa401, 0x1b000503,
	0x3c002101, 0x1900b302, 0x0e007902, 0x1f000503, 0x1f00ae02, 0x1c00d702, 0x00007b02, 0x1800e002,
	0x1200d802, 0x1a00c900, 0x2f00d500, 0x81004003, 0x7b004003, 0x81004003, 0x1900b502, 0x2c00e803,
	0xe1ffc502, 0x4a00f402, 0x23008a02, 0x4400fa02, 0x1d009902, 0x39009e02, 0x1800de02, 0x3b00af02,
	0x44002601, 0xfcff2f02, 0x4a009402, 0x38002402, 0x4500ac03, 0x4300ff02, 0x1600fe02, 0x4800df02,
	0x1b000503, 0x4300dd02, 0x1c00e002, 0x02006102, 0x3a00ec02, 0xdcffbf02, 0xfaff5104, 0xf2ff8602,
	0xd6ff6602, 0x3900de02, 0x4c005c01, 0xfcffa401, 0x19005c01, 0xcb00e803, 0x0000f401, 0x5800f401,
	0x23007b02, 0x3d006302, 0x1d000f02, 0x17006102, 0x1d000f02, 0x08008901, 0x19006102, 0x3d005a02,
	0x3d000a01, 0xbcff0a01, 0x40005a02, 0x3b000601, 0x3d006d03, 0x3d005802, 0x19006102, 0x3d006302,
	0x18006102, 0x3d00d701, 0x2b005202, 0x08009e01, 0x39005a02, 0x02006102, 0xf2ff6903, 0x02002902,
	0x39005a02, 0x2d004802, 0x4c00f401, 0xc800f401, 0x4600f401, 0xc500e803, 0x2700d600, 0x69000503,
	0x27006f01, 0x6900e803, 0x1d00f401, 0x1d00f401, 0x6100f401, 0x15004805, 0x2200f402, 0x19008e01,
	0x1b00b104, 0x2600c500, 0x2700c500, 0x26006f01, 0x27006f01, 0x1600c500, 0x0000e803, 0x0000f401,
	0x5f00f401, 0x66004003, 0x2b005202, 0x19008e01, 0x1a009803, 0xd9ff6b02, 0x50003901, 0x0f009a01,
	0x1b00aa02, 0x21005d02, 0xd9ff6b02, 0xc800f401, 0x0e00f401, 0x6800f401, 0x37004003, 0x1c00dd01,
	0x19007702, 0x7b004003, 0x38004003, 0x0000f401, 0x3e009001, 0x7b004003, 0x1200c101, 0x0800a201,
	0xac00f401, 0xe3ff6102, 0x1400f401, 0x97004e02, 0x8b00f401, 0x2300ae00, 0x1400c901, 0x19007702,
	0x22003403, 0x2200fa02, 0x08001d04, 0x1c00b502, 0xe9ffd302, 0xe9ffd302, 0xe9ffd302, 0xe9ffd302,
	0xe9ffd302, 0xe9ffd302, 0xebff5d04, 0x1b008e02, 0x1b00a402, 0x1b00a402, 0x1b00a402, 0x1b00a402,
	0xf8ff3501, 0x4a003501, 0x00003501, 0x08003501, 0x0a000b03, 0x4a000903, 0x1c000503, 0x1c000503,
	0x1c000503, 0x1c000503, 0x1c000503, 0xaa004003, 0x17000503, 0x48000003, 0x48000003, 0x48000003,
	0x48000003, 0xd9ff6b02, 0x4a00e802, 0x0800b102, 0x23007b02, 0x23007b02, 0x23007b02, 0x23007b02,
	0x23007b02, 0x23007b02, 0x23008a03, 0x1e000f02, 0x1e000f02, 0x1e000f02, 0x1e000f02, 0x1e000f02,
	0xe5ff0a01, 0x39000a01, 0xecff0a01, 0xf4ff0a01, 0x1a006302, 0x3d005802, 0x19006102, 0x19006102,
	0x19006102, 0x19006102, 0x19006102, 0x7b004003, 0x18006302, 0x39005a02, 0x39005a02, 0x39005a02,
	0x39005a02, 0x39005a02, 0x3b006302, 0x39005a02, 0x02000000, 0x00000100, 0x14000000, 0x01000300,
	0x1a010000, 0x06010000, 0x00000000, 0x00000000, 0x00000000, 0x00000000, 0x00000000, 0x00000000,
	0x00000000, 0x00000000, 0x02010000, 0x06050403, 0x0a090807, 0x0e0d0c0b, 0x1211100f, 0x16151413,
	0x1a191817, 0x1e1d1c1b, 0x2221201f, 0x26252423, 0x2a292827, 0x2e2d2c2b, 0x3231302f, 0x36353433,
	0x3a393837, 0x3e3d3c3b, 0x4241403f, 0x46454443, 0x4a494847, 0x4e4d4c4b, 0x5251504f, 0x56555453,
	0x5a595857, 0x5e5d5c5b, 0x0000005f, 0x63626160, 0x67666564, 0x006a6968, 0x6b000000, 0x6f6e6d6c,
	0x73727170, 0x00767574, 0x78017700, 0x7c7b7a79, 0x807f7e7d, 0x00838281, 0x87868584, 0x8b8a8988,
	0x8f8e8d8c, 0x93929190, 0x97969594, 0x9b9a9998, 0x9f9e9d9c, 0xa3a2a1a0, 0xa7a6a5a4, 0xabaaa9a8,
	0xafaeadac, 0xb3b2b1b0, 0xb7b6b5b4, 0xbbbab9b8, 0xbfbebdbc, 0xc3c2c1c0, 0xc7c6c5c4, 0xcbcac9c8,
	0xcfcecdcc, 0xd3d2d1d0, 0x0400d5d4, 0x0000ce00, 0x20002800, 0x08000400, 0xa0007e00, 0xff00ac00,
	0x61015301, 0x92017801, 0xdc02c602, 0x1a201420, 0x22201e20, 0x30202620, 0x22213a20, 0xffff1922,
	0x20000000, 0xa100a000, 0x5201ae00, 0x78016001, 0xc6029201, 0x1320dc02, 0x1c201820, 0x26202020,
	0x39203020, 0x19222221, 0xe1ffffff, 0xd7ff61ff, 0x0000d6ff, 0xfffe0000, 0xa0fdcffe, 0x5de096fd,
	0x00000000, 0x3de00000, 0x000037e0, 0x74de51df, 0x00000100, 0x00000000, 0x20000000, 0x00002200,
	0x00000000, 0x00000000, 0x1e001a00, 0x00002200, 0x22000000, 0x00000000, 0x6a000000, 0x68007600,
	0x6b007400, 0x60006c00, 0x6e006d00, 0x64006200, 0x6f006500, 0x75006900, 0x050607b7, 0x01020304,
	0x47202c00, 0x64616820, 0x472503b0, 0x64616820, 0x05b05852, 0x06b01b2b, 0x2c2d592b, 0x112c2dcc,
	0x2d391712, 0x41b04b2c, 0x1b3c5850, 0x2c2d5921, 0x000000b4, 0xb0260700, 0x07b02607, 0x2b00b026,
	0x20232c2d, 0x422300b0, 0xb020232f, 0x21585400, 0x59fc1bdc, 0x03b03c17, 0x4300b02a, 0xb03c172e,
	0x2c2d2a03, 0x2300b02f, 0x2301b042, 0xb03c1742, 0x01b02a03, 0x00b02043, 0xb0215854, 0x1bdc4300,
	0x234300b0, 0x3c1759fc, 0x2d2a03b0, 0x4300b02c, 0x00002dec, 0x02ff01b9, 0xb0858d00, 0x21b01d40,
	0x1f0db01e, 0x001a20b0, 0xcb020000, 0xffff0f02, 0xffffffff, 0x43ffffff, 0x6102a2ff, 0xffff81ff,
	0x00007d00, 0x00000000, 0x00000000, 0x00000000, 0x00000000, 0x00000000, 0x00008d00, 0x00000000,
	0x00000000, 0x00000000, 0x00000000, 0x00000000, 0x33000000, 0x66003300, 0xf8009400, 0x1603ed01,
	0xf903d303, 0x69043504, 0xda049d04, 0x1f050005, 0x5b053e05, 0xf205cf05, 0xd8065f06, 0x70072307,
	0x1c08ed07, 0x6309da08, 0xcc099209, 0x1c0aee09, 0xc00a3e0a, 0x700c330c, 0x600d030d, 0x6a0efe0d,
	0x1c0fad0e, 0x7e0f5b0f, 0xf40fc00f, 0x6d102f10, 0x1611a610, 0x09128511, 0xfa127b12, 0x95133013,
	0xef13bc13, 0x4f142114, 0xb9148814, 0x0815d714, 0x49152a15, 0xc0156715, 0x79163516, 0x4c170617,
	0x2a18a417, 0xa6187218, 0x2019ea18, 0x91194319, 0x271acb19, 0x191bae1a, 0xcf1b511b, 0x591c1f1c,
	0xb31c801c, 0x391de51c, 0xf11d701d, 0xb71e101e, 0x401f1a1f, 0xef1fb11f, 0x67202a20, 0xde20ba20,
	0x1b236922, 0x2d243d23, 0x79245324, 0xf124b524, 0x41252225, 0xa4256025, 0x7826ee25, 0x8c279a26,
	0x1528da27, 0xf9288028, 0xed29a029, 0x182b1c2a, 0x982c472b, 0x3e2d0b2d, 0x7f2e5f2d, 0xf52e9e2e,
	0xac2f432f, 0x65304730, 0x1431c330, 0xae316b31, 0x5e32cd31, 0xef329132, 0x17347533, 0xfc34ad34,
	0x9e354a35, 0x74361536, 0x86370337, 0xb7383038, 0xca393e39, 0x963a623a, 0x043bca3a, 0xf53b493b,
	0x303d653c, 0xce3efc3d, 0x9740b73f, 0x9e41bf40, 0xa0422142, 0xbe432a43, 0x8944ff43, 0xd3453e45,
	0x03476846, 0x5a48b447, 0xf3493a49, 0xff4a9c4a, 0xce4b654b, 0x784c424c, 0xea4cae4c, 0xff4d314d,
	0x5d4f8b4e, 0x09513250, 0xd852f751, 0x10543f53, 0xbe546754, 0x84551b55, 0x7f560056, 0x00000c57,
	0xffff0200, 0xf3010000, 0x0300f401, 0x3e000700, 0x011f0eb0, 0x05000a40, 0x01030001, 0x00000400,
	0x000a402b, 0x07000102, 0x06010001, 0xb0312b00, 0x40001f0d, 0x0105000a, 0x00010300, 0x2b000206,
	0x020704b7, 0x00010101, 0x3c173f00, 0x2123302a, 0x11132111, 0x01011121, 0x0a0cfef4, 0xf401e001,
	0xe00116fe, 0x020020fe, 0x00005000, 0xcf02e800, 0x07000300, 0x0eb04200, 0x0a40011f, 0x00010100,
	0x00180103, 0x402b0002, 0x0105000a, 0x18010700, 0x2b000604, 0x1f0db031, 0x0300b700, 0x01020102,
	0x173f0101, 0x00b12a3c, 0x05b7420c, 0x07070206, 0x3f000401, 0x302a3c17, 0x11231137, 0x15233517,
	0x989896e6, 0xfd1702b8, 0x8181b8e9, 0x27000200, 0x2501ae01, 0x0300bd02, 0x35000700, 0x011f0eb0,
	0x01000a40, 0x01030001, 0x00020000, 0x000a402b, 0x07000105, 0x06040001, 0xb0312b00, 0x40001f0d,
	0x0300000e, 0x02000307, 0x00030605, 0x2b000104, 0x23110130, 0x23112311, 0x60250111, 0xae015e40,
	0xf1fe0f01, 0xf1fe0f01, 0x15000200, 0xea02fcff, 0x1b00cb02, 0x65001f00, 0x011f0eb0, 0x0e0000b3,
	0xb5312b04, 0x00021d1c, 0xb02b020e, 0x40001f0d, 0x0b0a0012, 0x051f1b1a, 0x05040100, 0x0c050908,
	0x2b00001c, 0x030100b7, 0x02030706, 0x3c173f01, 0x000e402a, 0x03180d0c, 0x17160f00, 0x0e190c03,
	0x00b72b00, 0x15141101, 0x3f001003, 0x402a3c17, 0x011d000a, 0x0c011300, 0x2b00121e, 0x37230130,
	0x37230723, 0x07230723, 0x07230733, 0x37330733, 0x37330733, 0x37233733, 0x23072333, 0x89ea0237,
	0x77466e49, 0x90496b46, 0x8a299023, 0x69468d26, 0x6c49784a, 0x8f238f48, 0x2bf28929, 0x00022b7b,
	0xcbcbcbcb, 0xc9647562, 0x64c9c9c9, 0x00777775, 0x29000300, 0xc502baff, 0x49000f03, 0x63005600,
	0x0eb0cd00, 0x0b40011f, 0x0e000148, 0x1800023b, 0x2b005700, 0x015d0f40, 0x035c5b13, 0x564a3100,
	0x30120003, 0x0a402b00, 0x00011500, 0x14000133, 0x402b0032, 0x022d1e0c, 0x01290150, 0x274f1800,
	0x40312b00, 0x52545509, 0x4f054b4d, 0x402b0230, 0x5f606209, 0x1205595e, 0xb02b0257, 0x40001f0d,
	0x01350009, 0x36000000, 0x402b000c, 0x01140009, 0x56000000, 0xb12b000e, 0xb5420c00, 0x0007011b,
	0x173f0913, 0x0c402a3c, 0x1a161500, 0x01180003, 0x00171900, 0x000d402b, 0x5e5d302f, 0x014b0004,
	0x004a5c0c, 0x0c00b12b, 0x310a4042, 0x07035b32, 0x33023934, 0x3c173f00, 0x0a40302a, 0x52545556,
	0x35064f50, 0xb52b0217, 0x33025957, 0x252b024a, 0x27262734, 0x27302726, 0x23262726, 0x27272326,
	0x21352723, 0x23352135, 0x22232715, 0x0706020f, 0x07060706, 0x17141506, 0x17161716, 0x15333316,
	0x15211521, 0x33333533, 0x37363732, 0x37363736, 0x37363736, 0x36373736, 0x27222325, 0x34353526,
	0x37373637, 0x07141333, 0x37352306, 0x16173733, 0xc5021617, 0x0d231715, 0x04080502, 0x0a06080d,
	0x4d1d1b1e, 0xf2fe0e01, 0x311a1638, 0x07161d23, 0x1c071212, 0x0f0f1612, 0x2f2e2521, 0xf0fe1d4f,
	0x23381001, 0x2022311d, 0x0310080f, 0x1b010306, 0x0a060a12, 0x1e91fe09, 0x281e1e3a, 0x1b241815,
	0x5a2322d7, 0x2b1b120e, 0xea1b0c12, 0x122a2a34, 0x02020108, 0x04030701, 0x81ac0101, 0x06014040,
	0x0a040706, 0x3113050a, 0x2c313630, 0x091d1c2d, 0x467fa209, 0x07040646, 0x03020803, 0x1b150101,
	0x2622100d, 0x32110fea, 0x090f3704, 0x89fe0403, 0xa2111037, 0x04040101, 0x05000f08, 0xf9ff1400,
	0xd1028603, 0x3d002700, 0x66004100, 0xdc007e00, 0x011f0eb0, 0x23020d40, 0x00042625, 0x18000121,
	0x2b002800, 0x36320e40, 0x13110002, 0x00041716, 0x00153418, 0x3e00b32b, 0x402b0440, 0x0266650c,
	0x027d4600, 0x67421800, 0x0d402b00, 0x0002714d, 0x5a025b57, 0x596f1801, 0x40312b00, 0x383a3c0c,
	0x2c2e3037, 0x2834082a, 0x0e402b02, 0x7778797b, 0x6d737576, 0x6f0a696b, 0xb02b0267, 0x40001f0d,
	0x00000009, 0x3a000109, 0xb52b0008, 0x0001010b, 0x173f001d, 0x2eb52a3c, 0x1e000101, 0x3c173f00,
	0x0100b52a, 0x013e013f, 0x2a3c173f, 0x400100b6, 0x001b0241, 0x2a3c173f, 0x75000b40, 0x4a000277,
	0x49760001, 0x00b32b00, 0x2b046b60, 0x280d4030, 0x3637383c, 0x2a303234, 0x02081e09, 0x670c402b,
	0x71737b7d, 0x08696d6f, 0x2b024960, 0x26273425, 0x26272627, 0x07222323, 0x07060706, 0x07060706,
	0x17171506, 0x17161716, 0x3f173316, 0x36373602, 0x27363735, 0x07060714, 0x27222306, 0x35262726,
	0x36023f34, 0x16173233, 0x33012303, 0x26273413, 0x23262727, 0x06020f23, 0x06070607, 0x06070607,
	0x15150607, 0x17161717, 0x37323316, 0x27023f36, 0x23060714, 0x35262722, 0x37363734, 0x1f333336,
	0x16171602, 0x86031617, 0x1d1a0e0c, 0x0822192a, 0x110d140d, 0x0f31181b, 0x03040307, 0x1b1c0f0a,
	0x24091728, 0x3a1a192c, 0x0301071b, 0x100b1867, 0x11281510, 0x06060611, 0x27130d0a, 0xa4171828,
	0x4ee8fe4e, 0x3c13122f, 0x14121136, 0x1f141914, 0x01070f1b, 0x04020702, 0x0e050c03, 0x21245216,
	0x0c5a2122, 0x1864030f, 0x18272719, 0x08080717, 0x0808261a, 0x09120e07, 0xc706060b, 0x1c292820,
	0x02070c1b, 0x0e070401, 0x1d12301b, 0x24262913, 0x0c18172b, 0x03050106, 0x11521006, 0x16151008,
	0x060e1b3c, 0x18141406, 0x181a1b18, 0x1b131318, 0xfdd5011c, 0x1d190233, 0x0b0c4040, 0x05050204,
	0x0c0d1b07, 0x050c0203, 0x202a0c07, 0x3d382716, 0x13090915, 0x18143933, 0x1b1b1a2b, 0x152e2c1d,
	0x011a0b16, 0x0c060503, 0x0019190b, 0x37000100, 0x0703f2ff, 0x5300cf02, 0x0eb08600, 0x0a40011f,
	0x00010100, 0x00000103, 0x402b0002, 0x0245130b, 0x00014100, 0x00401218, 0x000a402b, 0x1b000126,
	0x1a251801, 0x0e402b00, 0x00022920, 0x3432302d, 0x21180004, 0x312b002e, 0x001f0db0, 0x03001140,
	0x1a191804, 0x02000653, 0x0c031c1b, 0x2b000100, 0x420c00b1, 0x020d0cb6, 0x004b0007, 0x2a3c173f,
	0x420c00b1, 0x070125b6, 0x01260127, 0x2a3c173f, 0x3f0126b1, 0x490100b5, 0x3f004a01, 0x302a3c17,
	0x15213501, 0x06030f33, 0x27230607, 0x26272627, 0x37363735, 0x33023f36, 0x27222335, 0x34272726,
	0x35333637, 0x06070723, 0x07070607, 0x17141714, 0x17161716, 0x06041f16, 0x17150607, 0x17161716,
	0x1f161716, 0x36373202, 0x3736023f, 0xa5fe0703, 0x09070663, 0x28290a08, 0x2019392d, 0x06021311,
	0x1b130f10, 0x3119240c, 0x02091d1b, 0xf3f72020, 0x1c24252a, 0x01020c3b, 0x03010102, 0x0c051209,
	0x320e100f, 0x0c031915, 0x08353029, 0x07190210, 0x47498536, 0x0c110d20, 0x7b27010a, 0x1614167b,
	0x25241616, 0x180b0401, 0x1e132117, 0x03040e0e, 0x0c0d7b01, 0x17251727, 0x07038515, 0x4d29120a,
	0x02051221, 0x1306070b, 0x0c052215, 0x230c0d0d, 0x27352524, 0x092d263d, 0x02010402, 0x34360301,
	0x1d2b183e, 0x0100002d, 0xf2012700, 0xcf02a000, 0x23000900, 0x011f0eb0, 0x06000a40, 0x01040001,
	0x00030500, 0x0db0312b, 0x06b6001f, 0x01030101, 0x173f0102, 0x13302a3c, 0x15232735, 0x37361533,
	0x7702a036, 0x0e0c2639, 0x1c397a02, 0x1e23607d, 0x01000021, 0x81ff3b00, 0xcf023501, 0x2c001500,
	0x011f0eb0, 0x01080940, 0x18000000, 0x2b001106, 0x1f0db031, 0x0100b500, 0x0a000115, 0x2a3c173f,
	0x0d0100b5, 0x3f010c01, 0x302a3c17, 0x26272605, 0x34352627, 0x36373637, 0x07062337, 0x17141506,
	0x35011716, 0x0f16171f, 0x1007081e, 0x495e3a20, 0x292c2c27, 0x36377f47, 0x74633230, 0x36323837,
	0x63646b66, 0x726c7072, 0x01006463, 0x81ff2700, 0xcf022101, 0x26001100, 0x011f0eb0, 0x090018b3,
	0xb0312b04, 0xb5001f0d, 0x01050100, 0x173f0104, 0x00b52a3c, 0x0d010e01, 0x3c173f0a, 0x3401302a,
	0x23272627, 0x15161716, 0x07060714, 0x36373633, 0x2b2a2101, 0x203b5e47, 0x3a201f1e, 0x2d254a5e,
	0x6d6d2801, 0x6867626b, 0x61777366, 0x5f696a64, 0x01000074, 0x65014a00, 0xcf02aa01, 0x28001100,
	0x011f0eb0, 0x05000e40, 0x0003100f, 0x030e0d07, 0x00060400, 0x0db0312b, 0x0eb7001f, 0x0601020f,
	0x3f010501, 0x302a3c17, 0x27372701, 0x15233507, 0x07170727, 0x33153717, 0xaa011735, 0x5c295e5e,
	0x5e295c56, 0x565c295e, 0x35e4015c, 0x6e354637, 0x3746356e, 0x6e374835, 0x0100376e, 0x00007b00,
	0x5402c502, 0x51000b00, 0x011f0eb0, 0x03000e40, 0x09030b0a, 0x02080501, 0x00040200, 0x040c402b,
	0x00030805, 0x00010700, 0x2b000609, 0x1f0db031, 0x000e4000, 0x030b0807, 0x06050200, 0x01000c03,
	0x00b52b00, 0x03010401, 0x3c173f09, 0x0100b52a, 0x0009010a, 0x2a3c173f, 0x23352530, 0x23152335,
	0x33073315, 0xf3c50235, 0x01f4f463, 0xf862fa64, 0xfafa62f8, 0x27000100, 0xa000a2ff, 0x09007d00,
	0x0eb02500, 0x0c40011f, 0x01020802, 0x01040001, 0x00030018, 0x0db0312b, 0x02b6001f, 0x00010203,
	0x173f0806, 0x37302a3c, 0x15232735, 0x37361533, 0x7702a036, 0x0e0e2439, 0x7d263720, 0x21231e5e,
	0x19000100, 0x6901cf00, 0x03004c01, 0x0eb02400, 0x0a40011f, 0x00010100, 0x00000103, 0x312b0002,
	0x001f0db0, 0x03000a40, 0x01020001, 0x0001000c, 0x3525302b, 0x69011521, 0x7dcfb0fe, 0x0100007d,
	0x00002700, 0x7d009e00, 0x28000300, 0x011f0eb0, 0x01000a40, 0x01030001, 0x00020018, 0x0db0312b,
	0x00b1001f, 0x01b7420c, 0x03070202, 0x3f000001, 0x302a3c17, 0x15233533, 0x7d7d779e, 0xfcff0100,
	0xa801a4ff, 0x0300d702, 0x0eb01d00, 0x00b3011f, 0x2b040200, 0x1f0db031, 0x000a4000, 0x03000101,
	0x02000001, 0x01302b00, 0x01330123, 0xa0fe4ca8, 0xfcd70248, 0x020000cd, 0xf5ff1b00, 0xd702eb02,
	0x2d001100, 0x0eb05b00, 0x18b3011f, 0x2b040a1c, 0x12144031, 0x282a2c2d, 0x22242526, 0x181a1e20,
	0x10131416, 0x2b02000a, 0x001f0db0, 0x420c00b1, 0x070106b5, 0x3f092000, 0xb12a3c17, 0xb5420c00,
	0x00070118, 0x173f000e, 0x40302a3c, 0x2c2d1213, 0x2526282a, 0x1c1e2224, 0x1314161a, 0x02060e0f,
	0x2734012b, 0x23262726, 0x15060722, 0x33161714, 0x27363732, 0x07060707, 0x27222306, 0x37343526,
	0x17323336, 0x16021f16, 0x16151617, 0xeb021715, 0x4f5c2417, 0x58589c9e, 0xb9b65959, 0x01a15758,
	0x2f310d04, 0x29316f55, 0x4f4f3129, 0x0c153029, 0x01010511, 0x33010301, 0x3274547f, 0xb85c5c2b,
	0x5d5d5eb7, 0x2927ba5d, 0x492b2c56, 0x3e73743d, 0x22151049, 0x080a2e13, 0x01060303, 0x01000029,
	0x00003c00, 0xcf02da00, 0x2d000300, 0x011f0eb0, 0x01000a40, 0x01030001, 0x00020018, 0x0db0312b,
	0x00b5001f, 0x00010301, 0x3c173f00, 0x0100b52a, 0x01010102, 0x2a3c173f, 0x23113330, 0x029eda11,
	0x0031fdcf, 0x19000100, 0x91020000, 0x2b00cf02, 0x0eb05b00, 0x0c40011f, 0x03030201, 0x00012800,
	0x00100018, 0x000b402b, 0x1e0c0000, 0x2218031f, 0x312b000b, 0x001f0db0, 0x0b0100b5, 0x3f010a01,
	0xb12a3c17, 0x403f090c, 0x0000000b, 0x03171615, 0x0014270c, 0x180cb32b, 0xb12b0426, 0xb7420c00,
	0x07022221, 0x001f0120, 0x2a3c173f, 0x052f0130, 0x23262726, 0x17201521, 0x07141516, 0x22042b06,
	0x06070607, 0x35211515, 0x36373421, 0x36373733, 0x91023637, 0x09080401, 0x301e100d, 0x64fe3922,
	0x211a9301, 0x0b260739, 0x6217120e, 0x29243c3b, 0x2dfe7502, 0x58651b15, 0x33285935, 0x2b2edc01,
	0x12151b20, 0x7d0a0d21, 0x3938150e, 0x0c0c040e, 0xd95e322b, 0x1f1b767b, 0x290c0301, 0x01000033,
	0x00000e00, 0xcf025502, 0x5e003000, 0x011f0eb0, 0x2f2e0a40, 0x00000002, 0x00230018, 0x0a09402b,
	0x00000001, 0x00190818, 0x000c402b, 0x1500011f, 0x00032928, 0x2b00141e, 0x1f0db031, 0x0100b500,
	0x01130114, 0x2a3c173f, 0x3f0915b1, 0x00000940, 0x0c011e00, 0x2b001d1f, 0x420c00b1, 0x022827b7,
	0x29012a07, 0x3c173f00, 0x3425302a, 0x36272627, 0x34353637, 0x27262727, 0x27262726, 0x15212326,
	0x15161720, 0x23060714, 0x17201523, 0x07141516, 0x15212306, 0x36373221, 0x02363737, 0x32191855,
	0x031d182d, 0x0f0f070d, 0x20252a17, 0x01a9fe34, 0x24241e56, 0x01eb351c, 0x24241e22, 0xd9fe341d,
	0x39456701, 0x030a0f46, 0x272827d5, 0x2e24241c, 0x3412201e, 0x0816131c, 0x7b070614, 0x302f1812,
	0x127b1015, 0x15312f18, 0x1f197b11, 0x00122c38, 0x1f000200, 0xe6020000, 0x0a00cf02, 0x5d000d00,
	0x011f0eb0, 0x01000a40, 0x01060001, 0x00050000, 0x000e402b, 0x030a0903, 0x0d0b0800, 0x07021803,
	0xb4312b00, 0x0005010c, 0x0db02b02, 0x0e40001f, 0x0c020100, 0x07060003, 0x0b0c030a, 0xb52b0000,
	0x01040100, 0x173f0103, 0x00b52a3c, 0x08010901, 0x3c173f00, 0x0db4302a, 0x02030801, 0x2335252b,
	0x15012311, 0x35331521, 0x02012127, 0xfec061e6, 0x99cd015a, 0x01dffe99, 0x017b8321, 0x8b3ffed1,
	0x017b8383, 0x01000036, 0x00001f00, 0xcf029a02, 0x49001800, 0x011f0eb0, 0x0e0018b3, 0x0c402b04,
	0x00010600, 0x0314130a, 0x00090518, 0x0db0312b, 0x0a40001f, 0x00010600, 0x07000105, 0xb62b0004,
	0x0901010a, 0x3f010801, 0xb12a3c17, 0xb7420c00, 0x07021312, 0x00140115, 0x2a3c173f, 0x27342530,
	0x35212326, 0x11213521, 0x15161720, 0x23060714, 0x32211521, 0x9a023637, 0xff643c3b, 0xfdb60100,
	0x199201aa, 0x331d1b1e, 0x7f01a2fe, 0xcf474174, 0xaa38396a, 0x1360fe7b, 0x14313018, 0x352f7b14,
	0x1c000200, 0xc402f6ff, 0x1b00cf02, 0x73002a00, 0x011f0eb0, 0x00000940, 0x00010b00, 0x2b000a00,
	0x26000940, 0x18000001, 0x2b000f05, 0x01190940, 0x18000000, 0x2b001c1b, 0x290a4031, 0x20222427,
	0x1c05061e, 0x0db02b02, 0x0a40001f, 0x00012600, 0x270c0105, 0xb52b0004, 0x010a0100, 0x173f0909,
	0x0bb12a3c, 0x00b13f01, 0x22b5420c, 0x13000701, 0x3c173f00, 0x0014b12a, 0x29b6303f, 0x13031e24,
	0x012b0204, 0x23262734, 0x36373621, 0x20352133, 0x14150607, 0x37331617, 0x36373637, 0x27373637,
	0x07060714, 0x27222306, 0x32333526, 0xc4021617, 0xfe6f3f4a, 0x2c2c0cfe, 0xfe060169, 0x5a5f5f3d,
	0x456b7d5b, 0x18332d40, 0x30a6030a, 0x2a191e12, 0xf931314e, 0x01191928, 0x27304601, 0x7b26266a,
	0xbdbc5a5a, 0x08035656, 0x36211d0d, 0x311a1b12, 0x04050818, 0x165f2b2c, 0x01000016, 0x00000000,
	0xcf027d02, 0x3a000600, 0x011f0eb0, 0x01000b40, 0x03010501, 0x02000001, 0xb0312b00, 0xb5001f0d,
	0x01020100, 0x173f0101, 0x00b62a3c, 0x02040301, 0x173f0900, 0x00b52a3c, 0x05010601, 0x3c173f00,
	0x3501302a, 0x01211521, 0xfd7d0233, 0xfecd0183, 0x5402bf41, 0xacfd7b7b, 0x18000300, 0xc6020000,
	0x2600cf02, 0x48003700, 0x0eb0a400, 0x0d40011f, 0x0a090200, 0x38000004, 0x27081801, 0x0b402b00,
	0x14000110, 0x18000215, 0x2b00172f, 0x1f4018b3, 0xb6312b04, 0x03292b2d, 0x2b022740, 0x3e380c40,
	0x34363a3c, 0x2f083133, 0xb62b0227, 0x03424445, 0x2b02001f, 0x001f0db0, 0x01010cb5, 0x3f010e00,
	0xb12a3c17, 0xb13f010f, 0xb5420c00, 0x0007013c, 0x173f0023, 0x09402a3c, 0x00014400, 0x2b450c00,
	0x09402b00, 0x34000000, 0x33450001, 0x40302b00, 0x2742470a, 0x06292d2f, 0x2b020e23, 0x023136b5,
	0x2b023345, 0x3e4038b7, 0x3323043a, 0x34252b02, 0x36272627, 0x27353637, 0x26272627, 0x06070723,
	0x07070607, 0x17141506, 0x07061716, 0x17141506, 0x37203316, 0x07140336, 0x27222306, 0x37343526,
	0x32333336, 0x14111617, 0x22230607, 0x34352627, 0x33333637, 0x02161732, 0x391818c6, 0x04161633,
	0x394a120a, 0x372aee48, 0x0a0c291d, 0x2b191d04, 0x421a1a37, 0x5701633b, 0x24ab4037, 0x1ca43619,
	0x351d2323, 0x231c346e, 0xa4311e24, 0x1d24241d, 0x1c346f35, 0x2752ad23, 0x28271b26, 0x2a3a2726,
	0x02141b39, 0x1a110d07, 0x27112b2b, 0x22272f21, 0x51292919, 0x2b2a324f, 0x309f0131, 0x17101015,
	0x1117302f, 0xa8fe1712, 0x1212172f, 0x16312f17, 0x00171211, 0x12000200, 0xb8020000, 0x2300d802,
	0x7c003000, 0x011f0eb0, 0x00000940, 0x18012400, 0x2b001400, 0x00000940, 0x1800010c, 0x2b000e29,
	0x01200940, 0x00000000, 0x2b000f1f, 0x2527b531, 0x02141f02, 0x2d2fb62b, 0x1429032b, 0x0db02b02,
	0x00b1001f, 0x06b5420c, 0x2d000701, 0x3c173f09, 0x000a402a, 0x14000125, 0x13240c01, 0x00b12b00,
	0x1cb7420c, 0x07031f1e, 0x3f002000, 0x302a3c17, 0x022729b5, 0x2b020620, 0x022b2fb5, 0x2b020613,
	0x26273401, 0x0722022f, 0x07060706, 0x14071506, 0x33331617, 0x07060714, 0x07060706, 0x17212306,
	0x27363720, 0x26272223, 0x36373435, 0x16173233, 0x3e37b802, 0x2d4c437a, 0x342d3c3c, 0x4a020b15,
	0x10ff713d, 0x2f14230f, 0x190d160c, 0x0101fdfe, 0xaf5b5bc8, 0x191929f6, 0x50521f2e, 0x59013131,
	0x146356a6, 0x0c0c0309, 0x1836221e, 0x3243570f, 0x23243028, 0x0208121e, 0x5a7b0102, 0x1816f858,
	0x1015312f, 0x02002828, 0x00001a00, 0x89018f00, 0x07000300, 0x0eb03900, 0x0e40011f, 0x05040100,
	0x06030003, 0x00180307, 0x312b0002, 0x001f0db0, 0x03000a40, 0x01020001, 0x0001000c, 0x0c00b12b,
	0x0605b742, 0x01070702, 0x173f0004, 0x13302a3c, 0x13152335, 0x8f152335, 0x01757575, 0xfe7d7d0c,
	0x007d7df4, 0x2f000200, 0xa600a2ff, 0x03008901, 0x40000d00, 0x011f0eb0, 0x05040d40, 0x02060102,
	0x18010300, 0x2b000200, 0x0a000a40, 0x01080001, 0x00070900, 0x0db0312b, 0x0a40001f, 0x00010300,
	0x000c0102, 0xb62b0001, 0x01020706, 0x3f080a00, 0x302a3c17, 0x15233513, 0x23273517, 0x36153315,
	0x75a43637, 0x37750277, 0x010e0c26, 0xe37d7d0c, 0x5e7d1c38, 0x00212020, 0x81000100, 0xbf020e00,
	0x06004602, 0x0eb01f00, 0x0c40011f, 0x04030100, 0x01060003, 0x00050000, 0x0db0312b, 0x00b3001f,
	0x2b040004, 0x25352530, 0x15053525, 0x4dfebf02, 0xc2fdb301, 0xb2b4690e, 0x0062ea69, 0x7b000200,
	0xc5029100, 0x0300c301, 0x35000700, 0x011f0eb0, 0x01000e40, 0x00030504, 0x03070603, 0x00020000,
	0x0db0312b, 0x0a40001f, 0x00010300, 0x000c0102, 0x402b0001, 0x0107000a, 0x0c010600, 0x2b000504,
	0x21350130, 0x21350515, 0xfdc50215, 0xfd4a02b6, 0x606301b6, 0x6161d260, 0x81000100, 0xbf020e00,
	0x06004602, 0x0eb01f00, 0x0c40011f, 0x00010100, 0x03060503, 0x00020000, 0x0db0312b, 0x00b3001f,
	0x2b040602, 0x25352530, 0x15050515, 0xc2fdbf02, 0x4bfeb501, 0x69ea62fa, 0x0069b4b2, 0x19000200,
	0x97020000, 0x2900cf02, 0x74002d00, 0x011f0eb0, 0x01280b40, 0x02240500, 0x0c001800, 0x09402b00,
	0x08000000, 0x071b1801, 0x0a402b00, 0x1900011f, 0x1d180001, 0x402b0018, 0x012b000a, 0x18012d00,
	0x2b002c2a, 0x1f0db031, 0x011bb700, 0x02070501, 0x173f0106, 0x09402a3c, 0x00011a00, 0x081b0000,
	0x0cb32b00, 0x2b042410, 0x23120cb3, 0x00b12b04, 0x2bb7420c, 0x2d07022c, 0x3f002a01, 0x302a3c17,
	0x26273401, 0x1521022f, 0x15161720, 0x07060714, 0x07222306, 0x0f060706, 0x37343302, 0x37363734,
	0x36373336, 0x36373637, 0x15233501, 0x25209702, 0xfe37244b, 0x19a6016d, 0x17102816, 0x3389161e,
	0x06282234, 0x01a40103, 0x1e110505, 0x2d537269, 0xfe0c0e1d, 0xf501a234, 0x0c403850, 0x167d0105,
	0x12313013, 0x0d020207, 0x3f28220d, 0x0a0d3026, 0x0b181b0b, 0x2a090118, 0xfe26261f, 0x007f7f37,
	0x2c000200, 0xbc0369ff, 0xb100d302, 0xb300c700, 0x011f0eb0, 0x03020e40, 0x01010304, 0x0002aa0a,
	0x00670000, 0x2b10402b, 0x52035453, 0x26222101, 0x00012503, 0x2b002451, 0x3d340e40, 0x00047261,
	0x00025d5c, 0x009c7100, 0x7c12402b, 0xbf959391, 0x860006c0, 0x04898887, 0x8abe1800, 0x40312b00,
	0xc4c6b20f, 0xb8babcc2, 0xb3b5b6b7, 0x0200240b, 0x1f0db02b, 0x00094000, 0x0000015c, 0x00125d00,
	0x4341b62b, 0x32000102, 0x3c173f0a, 0x6f00b32a, 0x402b04a0, 0x00000009, 0x97000174, 0xb32b0073,
	0x04c47700, 0x9800b32b, 0x302b04ba, 0xb5b6b2b7, 0x123204b3, 0x0a402b02, 0xbfc0c2c6, 0x9806bcbe,
	0x012b0277, 0x26022f35, 0x26272627, 0x26272627, 0x022f2627, 0x07060707, 0x06070607, 0x050f0607,
	0x17151506, 0x16041f16, 0x16171617, 0x36373233, 0x050f2737, 0x07060706, 0x2f222306, 0x26272608,
	0x37373535, 0x37363736, 0x33363736, 0x16173233, 0x16171617, 0x14151617, 0x020f0607, 0x35222306,
	0x07231337, 0x07062326, 0x020f0607, 0x07060706, 0x15060714, 0x1714030f, 0x16171716, 0x16173217,
	0x17331617, 0x37363732, 0x33161714, 0x37363737, 0x37363736, 0x37363736, 0x37363736, 0x06072536,
	0x2306030f, 0x35262722, 0x37363737, 0x17323336, 0x01bc0316, 0x09070301, 0x0d150e0a, 0x342e1612,
	0x312f3137, 0x36274538, 0x2b141933, 0x1111201f, 0x0806090c, 0x09060406, 0x16211514, 0x3c3c3c24,
	0x5243413c, 0x1d276e51, 0x161c131c, 0x19221b1a, 0x411f0918, 0x1a222c39, 0x0b111019, 0x1514100f,
	0x130b0502, 0x4b373712, 0x1806724a, 0x2b171016, 0x1e1e363a, 0x1b181313, 0x1e201e1d, 0x1c554802,
	0x14186029, 0x1e111227, 0x03060a18, 0x06010304, 0x13010304, 0x0b032214, 0x08010204, 0x18091408,
	0x1b23242a, 0x29162626, 0x0b080223, 0x150a1907, 0x110f1519, 0x120a0a0c, 0x091a96fe, 0x100c1a0f,
	0x151d1b13, 0x100a0415, 0x24242323, 0x62011516, 0x0b0e1126, 0x161a1826, 0x11150d21, 0x06181425,
	0x0c030206, 0x0d1a1707, 0x27262111, 0x181f2020, 0x201e2b17, 0x1b21460a, 0x182b252f, 0x0d1f1e24,
	0x4e12120f, 0x090e1439, 0x0a08090c, 0x01030404, 0x100f0f10, 0x0d0f0e11, 0x32311413, 0x223e0427,
	0x3a31312b, 0x031f1f3a, 0x1e0f0602, 0x363f401c, 0x1a353336, 0x2410151a, 0x31250113, 0x1106033e,
	0x23200f0a, 0x0c05150c, 0x01030801, 0x1818131a, 0x14252533, 0x01010702, 0x01050102, 0x35271415,
	0x08030f0f, 0x03040301, 0x150d070b, 0x19181515, 0x13391e15, 0x1e12236a, 0x18090a0a, 0x2d282d18,
	0x15212336, 0x02000015, 0x0000e1ff, 0xcf02e202, 0x0a000700, 0x0eb04500, 0x00b3011f, 0x2b040300,
	0x0a08b631, 0x03000309, 0x0db02b02, 0x00b7001f, 0x07040301, 0x3f000003, 0xb52a3c17, 0x01020100,
	0x173f0101, 0x0a402a3c, 0x00010900, 0x080c0106, 0x302b0005, 0x05010ab4, 0x212b0201, 0x33012301,
	0x03172137, 0xe2021323, 0xfea0cdfe, 0x013ea0d2, 0xd7734239, 0xfdcf026a, 0x01acac31, 0x0013012b,
	0x4a000300, 0xc7020000, 0x1a00cf02, 0x2f002500, 0x0eb08f00, 0x18b3011f, 0x2b042600, 0x0a090b40,
	0x010e0002, 0x1b081800, 0x0c402b00, 0x2c2b2100, 0x01160003, 0x00152018, 0x24b7312b, 0x041d1f22,
	0x2b021b20, 0x282a2eb6, 0x02262003, 0x1f0db02b, 0x0112b100, 0x0100b53f, 0x01140115, 0x2a3c173f,
	0x420c00b1, 0x022b2ab7, 0x16011707, 0x3c173f00, 0x0009402a, 0x01200000, 0x001f2c0c, 0x0100b52b,
	0x09210122, 0x2a3c173f, 0x1d24b530, 0x02212c02, 0x1b26b52b, 0x02141602, 0x282eb52b, 0x021f1602,
	0x2734252b, 0x37362726, 0x27273536, 0x27262726, 0x27262726, 0x11212326, 0x36373221, 0x06071403,
	0x33352323, 0x13161732, 0x23060714, 0x17203523, 0x1ec70216, 0x1d30321d, 0x0e09041d, 0x0c2f2e31,
	0x0b061204, 0x018ffe2d, 0x433a758b, 0x2d1c1ba6, 0x1c2edcdc, 0x1c1c021a, 0x0c01de2c, 0x54ad1b1b,
	0x1c172728, 0x3b232b26, 0x16133a2c, 0x03010206, 0x31fd0101, 0x9f01312a, 0xa613122d, 0xadfe1514,
	0xaa12122f, 0x01001515, 0x00002300, 0xcf027102, 0x3f002600, 0x011f0eb0, 0x140a0a40, 0x00000002,
	0x001a0818, 0x0db0312b, 0x00b1001f, 0x0940420c, 0x03030201, 0x00012607, 0x3c173f00, 0x0000b12a,
	0x000a403f, 0x0f000125, 0x0e240001, 0x10b12b00, 0x21303f01, 0x27272535, 0x35262726, 0x37363734,
	0x35333336, 0x07060720, 0x07060706, 0x17141506, 0x17161716, 0x33161716, 0x71021717, 0x1012dffe,
	0x0e121a3a, 0x482b220e, 0x2addfef8, 0x2c422726, 0x31101026, 0x06036b39, 0x080b0701, 0x017d4017,
	0x43100401, 0x3d424733, 0x7b28223b, 0x170d0606, 0x4446333b, 0x64566264, 0x0101011b, 0x03010302,
	0x44000200, 0xe0020000, 0x1f00cf02, 0x84003d00, 0x011f0eb0, 0x15131740, 0x1c1b0317, 0x051f1e1d,
	0x28262422, 0x3d210539, 0x20001802, 0x0a402b00, 0x00013200, 0x31180106, 0xb32b0005, 0x043b1918,
	0x0e40312b, 0x33343537, 0x2d2e2f30, 0x310a2a2b, 0xb02b0220, 0xb5001f0d, 0x01050100, 0x173f0104,
	0x00b12a3c, 0x0940420c, 0x0331302f, 0x06010707, 0x3c173f00, 0x0100b52a, 0x09320133, 0x2a3c173f,
	0x20104030, 0x3537393b, 0x26282a2b, 0x0c212224, 0x2b023206, 0x26273401, 0x21112123, 0x37363732,
	0x37363736, 0x37363736, 0x35363736, 0x3d363736, 0x15150704, 0x07060706, 0x15060706, 0x030f0607,
	0x17331123, 0x16171617, 0x16171617, 0x4de00215, 0xb8feb156, 0x36564c01, 0x13204332, 0x02010108,
	0x03030102, 0x01020202, 0x040202a6, 0x02020103, 0x11291b11, 0xafaf2812, 0x1727282c, 0x02020712,
	0x749d0101, 0x31fd625c, 0x1c361311, 0x03060e2d, 0x11060508, 0x080a120d, 0x0c180911, 0x1c16110e,
	0x1017031d, 0x0b050e1c, 0x2a270107, 0x01020309, 0x0802d501, 0x35222a0b, 0x190d180d, 0x1d000100,
	0x6b020000, 0x2c00cf02, 0x0eb04c00, 0x0c40011f, 0x1002180b, 0x00012001, 0x001e0d18, 0x0db0312b,
	0x00b1001f, 0x01b7420c, 0x2c070202, 0x3f000001, 0xb12a3c17, 0x403f0000, 0x010f000a, 0x0c010e00,
	0x2b000d10, 0x2b000a40, 0x01130001, 0x00122a00, 0x0114b12b, 0x3521303f, 0x26272225, 0x27262727,
	0x35262726, 0x34213521, 0x20353333, 0x06070607, 0x06070607, 0x16171415, 0x16171617, 0x16171617,
	0x02171733, 0x11dffe6b, 0x1b0d1314, 0x0306050c, 0xfea20107, 0xfef8aa5e, 0x1b322cdf, 0x10262c42,
	0x180c0d10, 0x06036b39, 0x080b0701, 0x017d4017, 0x1a0a0606, 0x100e0b0e, 0xa87d2b1d, 0x0a09067d,
	0x46333b17, 0x2d346344, 0x1b642830, 0x02010101, 0x00030103, 0x39000100, 0x81020000, 0x1300cf02,
	0x0eb04000, 0x0c40011f, 0x13120104, 0x01110002, 0x00100218, 0x0db0312b, 0x0a40001f, 0x00011300,
	0x000c0102, 0xb52b0001, 0x01090100, 0x173f0908, 0x0ab12a3c, 0x00b53f01, 0x11011201, 0x3c173f00,
	0x3501302a, 0x36373421, 0x33333637, 0x06072035, 0x11150607, 0x81021133, 0x0d0d51fe, 0xf4622817,
	0x4d4d89fe, 0x0199191e, 0x232d7b27, 0x7d281721, 0x48562727, 0x01b6fe99, 0x01000027, 0x00001800,
	0xcf02b002, 0x59002b00, 0x011f0eb0, 0x01000c40, 0x00031514, 0x00000103, 0x402b0002, 0x0c0b090e,
	0x0624190e, 0x18000000, 0x2b001d0f, 0x1f0db031, 0x0c00b100, 0x05094042, 0x29270701, 0x0000032b,
	0x2a3c173f, 0x03000a40, 0x01020001, 0x0001040c, 0x0100b52b, 0x09130114, 0x2a3c173f, 0x3f0115b1,
	0x21112130, 0x22153315, 0x26272627, 0x27263527, 0x36373427, 0x20352133, 0x06070607, 0x14150607,
	0x17171617, 0x16171716, 0x16311617, 0xfeb00233, 0x26f1c99d, 0x02030c26, 0x21030201, 0x44015d2c,
	0x302f91fe, 0x2227651c, 0x24301b15, 0x0f360e1a, 0x1305020f, 0xa87faa01, 0x0c362020, 0x10090211,
	0x4737584b, 0x0f06067d, 0x694a5e32, 0x2a524465, 0x1206101c, 0x01010204, 0x3b000100, 0x7d020000,
	0x0b00cf02, 0x0eb04f00, 0x0c40011f, 0x00010100, 0x030b0a03, 0x00020018, 0x000c402b, 0x03090805,
	0x18010700, 0x2b000604, 0x1f0db031, 0x0100b700, 0x030b0807, 0x173f0000, 0x00b72a3c, 0x06050201,
	0x3f010103, 0x402a3c17, 0x0109000a, 0x0c010400, 0x2b00030a, 0x23112130, 0x23112111, 0x21113311,
	0x967d0211, 0x9797ebfe, 0xcf021501, 0x2301ddfe, 0x2d0131fd, 0x0100d3fe, 0x00004400, 0xcf02e200,
	0x2d000300, 0x011f0eb0, 0x01000a40, 0x01030001, 0x00020018, 0x0db0312b, 0x00b5001f, 0x00010301,
	0x3c173f00, 0x0100b52a, 0x01010102, 0x2a3c173f, 0x23113330, 0x029ee211, 0x0031fdcf, 0xfcff0100,
	0xee010000, 0x1000cf02, 0x0eb04400, 0x0b40011f, 0x03010100, 0x18000204, 0x2b000200, 0x04020b40,
	0x0a000002, 0x09030001, 0xb0312b00, 0xb5001f0d, 0x01020100, 0x173f0101, 0x00b12a3c, 0x0940420c,
	0x07020908, 0x0a020c0b, 0x3c173f00, 0x1101302a, 0x06070323, 0x23230607, 0x37373315, 0x01363736,
	0x08029cee, 0x39272c0e, 0x233cc5b2, 0x012a3074, 0xfeac0123, 0x15353639, 0x03017711, 0x00454d14,
	0x4a000100, 0xb3020000, 0x0a00cf02, 0x0eb03300, 0x0c40011f, 0x09080500, 0x01070003, 0x00060418,
	0x0db0312b, 0x00b7001f, 0x0a080701, 0x3f000003, 0xb72a3c17, 0x05030100, 0x01020306, 0x2a3c173f,
	0x01012130, 0x23110123, 0x01113311, 0xddfeb302, 0xfeb52101, 0x019797e5, 0x016f0111, 0x01a6fe60,
	0x0131fd5a, 0x009bfe65, 0x38000100, 0x26020000, 0x0d00cf02, 0x0eb04200, 0x0c40011f, 0x06010100,
	0x00030807, 0x00050000, 0x050b402b, 0x01080206, 0x07180000, 0x312b0009, 0x001f0db0, 0x420c00b1,
	0x070101b6, 0x0000010d, 0x2a3c173f, 0x090100b5, 0x3f010801, 0x302a3c17, 0x27223521, 0x11022f26,
	0x16171023, 0xf8260233, 0x02063126, 0x41419601, 0x19167794, 0x012c333f, 0x49c2fd8b, 0x01000048,
	0x00004500, 0xcf026d03, 0x45000c00, 0x011f0eb0, 0x01000940, 0x18000001, 0x2b000c00, 0x00000940,
	0x18010600, 0x2b000507, 0x080b00b3, 0xb0312b04, 0x40001f0d, 0x0601000a, 0x0c0a0907, 0x3f000005,
	0xb72a3c17, 0x04020100, 0x01010305, 0x2a3c173f, 0x23112130, 0x11230303, 0x33130333, 0x6d030313,
	0xdeb6b7dd, 0xa1bc109b, 0xcf020cb7, 0x2702d9fd, 0x340231fd, 0x2f02ccfd, 0x0100d1fd, 0x00004300,
	0xcf02ba02, 0x42000900, 0x011f0eb0, 0x01000940, 0x18000001, 0x2b000200, 0x080300b3, 0x09402b04,
	0x06000000, 0x05071801, 0xb0312b00, 0xb7001f0d, 0x07060100, 0x00000309, 0x2a3c173f, 0x020100b7,
	0x01030504, 0x3c173f01, 0x1121302a, 0x23011323, 0x01033311, 0x0698ba02, 0x9bc0dbfe, 0x02340106,
	0x02fafdcf, 0x0231fd06, 0x00e1fd1f, 0x16000200, 0xe602f1ff, 0x1500dd02, 0x5a002a00, 0x011f0eb0,
	0x01020a40, 0x00010600, 0x00160018, 0x2318b32b, 0x312b040c, 0x27290d40, 0x1d1f2125, 0x09181a1c,
	0x2b021623, 0x001f0db0, 0x420c00b1, 0x070108b5, 0x3f092700, 0xb12a3c17, 0xb5420c00, 0x0007011a,
	0x173f0010, 0x40302a3c, 0x2529160c, 0x1d1f2123, 0x08100818, 0x34012b02, 0x26272627, 0x22232627,
	0x14150607, 0x32331617, 0x36373637, 0x06071427, 0x27272223, 0x27262726, 0x37343526, 0x17323336,
	0x06e60216, 0x5c240b06, 0x589c9c51, 0xb6595858, 0x2b44435e, 0x3329a559, 0x321e3e3c, 0x0812151f,
	0x66332a13, 0x0128316b, 0x32364233, 0x2d32772a, 0xbbb75e5f, 0x18185f5e, 0x6eb85f2e, 0x0e064b41,
	0x1f1c1b0c, 0x3f575b43, 0x003d4c4b, 0x48000200, 0xc7020000, 0x1600cf02, 0x73002100, 0x011f0eb0,
	0x00000940, 0x18000112, 0x2b001700, 0x0c000c40, 0x00031d1c, 0x0b18010a, 0x312b0009, 0x02191bb5,
	0x2b020009, 0x021e20b5, 0x2b02170b, 0x001f0db0, 0x090100b5, 0x3f010801, 0xb52a3c17, 0x010b0100,
	0x173f000a, 0x0b402a3c, 0x00011b00, 0x0c020f0d, 0x2b000c1c, 0x1e0100b5, 0x3f091d01, 0x302a3c17,
	0x021917b5, 0x2b02080a, 0x0c0120b4, 0x012b021d, 0x27262734, 0x23262726, 0x35331121, 0x32373217,
	0x3736023f, 0x07142736, 0x35232306, 0x16173233, 0x1a19c702, 0x3432302d, 0x97b8fe41, 0x0f080bf4,
	0x45121f14, 0x2aa82424, 0xafb73b24, 0x012c2243, 0x383644de, 0x06061a19, 0x01fc31fd, 0x04080401,
	0x4d3c3d14, 0xd3151b3b, 0x02001a13, 0xf1ff1b00, 0xdc021703, 0x32001d00, 0x0eb06d00, 0x0940011f,
	0x00000107, 0x1e091800, 0x09402b00, 0x00000129, 0x112b1800, 0x0a402b00, 0x14130000, 0x00000002,
	0x312b0012, 0x2f310d40, 0x2425272d, 0x09202223, 0x2b021e2b, 0x001f0db0, 0x1d0100b5, 0x3f000001,
	0xb32a3c17, 0x042f0d0c, 0x0c00b12b, 0x0122b542, 0x00180007, 0x2a3c173f, 0x310b4030, 0x27292b2d,
	0x18072025, 0x212b020d, 0x36373627, 0x36373637, 0x26273435, 0x06072223, 0x16021f15, 0x32331617,
	0x17373637, 0x06071403, 0x26022f23, 0x26272627, 0x36373435, 0x16173233, 0x0b6d1703, 0x0d040806,
	0x59590e08, 0x5857b7b7, 0x1f040202, 0x48855055, 0x172e3533, 0x6931291c, 0x2e101c23, 0x0909171c,
	0x6a6c3026, 0x106b2732, 0x1f0c0f0e, 0x7e7f3d22, 0x5e5e5e5f, 0x16198267, 0x0a3b419b, 0x0119130b,
	0x4c416e66, 0x11050704, 0x2d2c2228, 0x4c3e5356, 0x0200404d, 0x00004300, 0xcf02d302, 0x21001600,
	0x0eb07700, 0x0b40011f, 0x0b010000, 0x1800030d, 0x2b001705, 0x14000c40, 0x00031d1c, 0x13180112,
	0x312b0011, 0x1b1e20b7, 0x17130419, 0x0db02b02, 0x00b7001f, 0x16131201, 0x3f000003, 0xb12a3c17,
	0xb7420c00, 0x07020d0b, 0x091d011e, 0x2a3c173f, 0x100100b6, 0x010f0211, 0x2a3c173f, 0x1b000a40,
	0x01150001, 0x00141c0c, 0x17b5302b, 0x0f140219, 0x20b42b02, 0x020f0001, 0x3603212b, 0x34353637,
	0x26272627, 0x27232627, 0x11212327, 0x13331133, 0x06071403, 0x33352323, 0x02161732, 0x214cb1d3,
	0x3f231f23, 0x0a030513, 0xfe251c15, 0x9fb1978d, 0x521b1a10, 0x1c53b9b9, 0x142d0118, 0x4a4a3433,
	0x050f3e37, 0x05030101, 0x190131fd, 0xf401e7fe, 0xb618192b, 0x01001518, 0x00001c00, 0xcf02c802,
	0x6b003100, 0x011f0eb0, 0x01020d40, 0x240a0900, 0x18000426, 0x2b002800, 0x1a0f18b3, 0x0a402b04,
	0x00011500, 0x1400012e, 0x312b002d, 0x001f0db0, 0x1f000a40, 0x010b0001, 0x000a1e0c, 0x0100b52b,
	0x09130114, 0x2a3c173f, 0x160100b5, 0x3f011501, 0x402a3c17, 0x012c0009, 0x2d0c0000, 0xb12b0020,
	0xb5420c00, 0x0007012d, 0x173f002e, 0x25302a3c, 0x2f262734, 0x032f2602, 0x35262722, 0x33363734,
	0x22213521, 0x14150607, 0x37331617, 0x16173233, 0x16171617, 0x06071415, 0x20152123, 0xc8023637,
	0x16180a0a, 0x15181611, 0x1cf03918, 0x3620201b, 0x73fe7501, 0x71463e78, 0x22317134, 0x03051a79,
	0x25030105, 0x86fe3719, 0x463d0b02, 0x2b294db3, 0x0d0d1215, 0x01030405, 0x2c2c1513, 0x2f811517,
	0x2c828237, 0x051a0114, 0x0c0b0708, 0x0d131f21, 0x00342e81, 0x02000100, 0x6d020000, 0x0700cd02,
	0x0eb04700, 0x0a40011f, 0x00010100, 0x00000103, 0x402b0002, 0x0107000a, 0x18010500, 0x2b000406,
	0x1f0db031, 0x0100b700, 0x03070403, 0x173f0900, 0x00b52a3c, 0x01010201, 0x3c173f01, 0x0100b52a,
	0x00050106, 0x2a3c173f, 0x21350130, 0x33113315, 0xfd6d0211, 0x029de695, 0xfd7d7d50, 0x005002b0,
	0x3a000100, 0xa902f8ff, 0x2300cf02, 0x0eb05500, 0x0a40011f, 0x01010122, 0x00180000, 0x402b0002,
	0x0b01150c, 0x0d010f01, 0x0c0a1801, 0xb0312b00, 0xb7001f0d, 0x0b020100, 0x0101030c, 0x2a3c173f,
	0x420c00b1, 0x070106b5, 0x3f001a00, 0xb12a3c17, 0xb13f0017, 0xb53f0019, 0x0001011e, 0x173f001b,
	0x01302a3c, 0x07102311, 0x27222306, 0x23113526, 0x16171411, 0x16171617, 0x16171617, 0x32371733,
	0x37363737, 0x02363736, 0x242096a9, 0x1f265b5d, 0x0e090f98, 0x30150f0f, 0x15141123, 0x19165552,
	0x2c14302e, 0x1b01090c, 0xf2fdb401, 0x252d2d29, 0xfeb00162, 0x1427381d, 0x19131917, 0x03010d11,
	0x0e050403, 0x2e3c1b11, 0x01000026, 0x0000dcff, 0xcf02da02, 0x28000600, 0x011f0eb0, 0x040000b3,
	0xb0312b04, 0xb7001f0d, 0x03010100, 0x01000304, 0x2a3c173f, 0x060100b5, 0x3f000501, 0x302a3c17,
	0x03032301, 0x02330123, 0xd8dda0da, 0x9d3701a9, 0xe9fdcf02, 0x31fd1702, 0xfaff0100, 0x55040000,
	0x0c00cf02, 0x0eb02d00, 0x00b3011f, 0x2b040700, 0x1f0db031, 0x000a4000, 0x04030101, 0x00050706,
	0x3c173f01, 0x0100b72a, 0x030c0b09, 0x173f0008, 0x01302a3c, 0x23030323, 0x13230303, 0x33131333,
	0x9a9a5504, 0xa68db2a2, 0x87b8eea0, 0xcf02ba98, 0x2902d7fd, 0x2902d7fd, 0x170231fd, 0x0100e9fd,
	0x0000f2ff, 0xcf029002, 0x30000b00, 0x011f0eb0, 0x00000940, 0x00000106, 0x2b000800, 0x1f0db031,
	0x0100b700, 0x030b0908, 0x173f0000, 0x00b72a3c, 0x06050301, 0x3f010203, 0x302a3c17, 0x23130321,
	0x13232707, 0x17373303, 0xe7f89002, 0xb09493ae, 0xa0b2faf2, 0x01710197, 0xfee5e55e, 0xfa99fe98,
	0x010000fa, 0x0000d6ff, 0xcf029102, 0x2f000800, 0x011f0eb0, 0x08000a40, 0x01060001, 0x00050718,
	0x0db0312b, 0x00b7001f, 0x04030101, 0x3f010003, 0xb52a3c17, 0x01070100, 0x173f0006, 0x01302a3c,
	0x23030323, 0x11331101, 0xb3ae9102, 0x0f01a8b2, 0xfecf0299, 0xfe1401ec, 0x01c4fe6d, 0x0100003c,
	0x00003900, 0xcf029602, 0x45000900, 0x011f0eb0, 0x01000e40, 0x00030403, 0x03090806, 0x00050000,
	0x0db0312b, 0x00b1001f, 0x0940420c, 0x03080201, 0x00010907, 0x3c173f00, 0x0100b52a, 0x01040105,
	0x2a3c173f, 0x060100b6, 0x09030207, 0x2a3c173f, 0x21352130, 0x15213501, 0x02150121, 0x016efe96,
	0x01a3fd92, 0x7f66fe9a, 0x8181cf01, 0x007f31fe, 0x4c000100, 0x420181ff, 0x0700cf02, 0x0eb04000,
	0x0c40011f, 0x05040100, 0x01030003, 0x00020018, 0x0db0312b, 0x00b1001f, 0x01b7420c, 0x07070202,
	0x3f0a0001, 0xb52a3c17, 0x01040100, 0x173f0903, 0x00b52a3c, 0x05010601, 0x3c173f01, 0x3505302a,
	0x35331123, 0x42011123, 0x7ff67e7e, 0x726d026f, 0x0100b2fc, 0xa4fffcff, 0xd702a801, 0x1d000300,
	0x011f0eb0, 0x020000b3, 0xb0312b04, 0x40001f0d, 0x0103000a, 0x00010200, 0x2b000100, 0x23010530,
	0xfea80101, 0x62014a9e, 0xfc33035c, 0x010000cd, 0x81ff1900, 0xcf020e01, 0x40000700, 0x011f0eb0,
	0x05000c40, 0x06030001, 0x04180307, 0x312b0002, 0x001f0db0, 0x420c00b1, 0x020605b7, 0x00010707,
	0x3c173f0a, 0x0100b52a, 0x01010102, 0x2a3c173f, 0x040100b5, 0x3f090301, 0x302a3c17, 0x15231105,
	0x15231133, 0x7df50e01, 0x4e037f7d, 0x6f93fd72, 0xcb000100, 0x1d03b701, 0x0600c902, 0x0eb01f00,
	0x00b3011f, 0x2b040300, 0x1f0db031, 0x000c4000, 0x03060403, 0x00010200, 0x2b000100, 0x23030130,
	0x17373303, 0x7bec1d03, 0xb6b673eb, 0x1201b701, 0xb4b4eefe, 0x00000100, 0xf40116ff, 0x030079ff,
	0x0eb02400, 0x0a40011f, 0x00010100, 0x00000103, 0x312b0002, 0x001f0db0, 0x03000a40, 0x01020001,
	0x0001000c, 0x3505302b, 0xf4011521, 0x63ea0cfe, 0x01000063, 0x4e025800, 0xd9024801, 0x21000300,
	0x011f0eb0, 0x020000b3, 0xb0312b04, 0xb1001f0d, 0xb7420c00, 0x07020201, 0x09000103, 0x2a3c173f,
	0x23270130, 0x60480117, 0x4e02ac90, 0x02008b8b, 0x00002300, 0x0f023c02, 0x1d001200, 0x0eb05400,
	0x0a40011f, 0x13000000, 0x0018021d, 0xb32b000a, 0x040e1818, 0x1cb7312b, 0x0414161a, 0x2b020a18,
	0x001f0db0, 0x120100b5, 0x3f000001, 0xb62a3c17, 0x05010106, 0x3f020401, 0xb12a3c17, 0xb33f0204,
	0x041d0a0c, 0x0009402b, 0x00000114, 0x001c130c, 0x1021302b, 0x21232627, 0x16172015, 0x06072015,
	0x16171415, 0x22233733, 0x34352627, 0x33333637, 0x37383c02, 0x01e3fe6a, 0xfe241d27, 0x2c3f32e6,
	0xaee74c2c, 0x1b161123, 0x01a42415, 0x6d2e2fb2, 0x20391811, 0x2953512a, 0x0d096929, 0x090d2121,
	0x3d000200, 0x4a020000, 0x1200cf02, 0x84001e00, 0x011f0eb0, 0x00000940, 0x18000106, 0x2b001300,
	0x0d000c40, 0x00031a19, 0x0c18010f, 0x312b000e, 0x021517b5, 0x2b02130c, 0x021b1db5, 0x2b02000e,
	0x001f0db0, 0x170800b3, 0x00b12b04, 0x1bb6420c, 0x010b0701, 0x173f020a, 0x00b12a3c, 0x1ab5420c,
	0x0c000701, 0x3c173f02, 0x0100b52a, 0x010d010e, 0x2a3c173f, 0x420c00b1, 0x021918b6, 0x000f0007,
	0x2a3c173f, 0x1513b530, 0x020c0f02, 0x011db42b, 0x2b020d0f, 0x26273425, 0x26272627, 0x23232627,
	0x11233507, 0x27363720, 0x23060714, 0x33112727, 0x02161732, 0x220d104a, 0x1d183c22, 0x721c0f14,
	0x4387018a, 0x23229343, 0x56255432, 0xea242353, 0x292d2d57, 0x0308132a, 0xfdc00104, 0x75484831,
	0x01201f57, 0x222b0101, 0x01000022, 0x00001d00, 0x0f02ee01, 0x36001900, 0x011f0eb0, 0x010d0940,
	0x18000000, 0x2b001105, 0x1f0db031, 0x0c00b100, 0x0101b642, 0x00011907, 0x3c173f00, 0x0c00b12a,
	0x0a09b642, 0x0b000702, 0x3c173f02, 0x3521302a, 0x35262722, 0x33363734, 0x07223533, 0x15060706,
	0x17161714, 0x17331617, 0x26edee01, 0x5f232a2b, 0x4142ff92, 0x2f2b2827, 0x0c0a1f4e, 0x211d7139,
	0x1a1f5d57, 0x49151373, 0x44525349, 0x0208154a, 0x02000003, 0x00001700, 0xcf022502, 0x34002000,
	0x0eb07a00, 0x0d40011f, 0x33010100, 0x34210301, 0x02001803, 0x0d402b00, 0x29190d0b, 0x01110004,
	0x13271800, 0x40312b00, 0x3031320d, 0x252b2d2f, 0x27092223, 0xb02b0202, 0xb1001f0d, 0x40420c00,
	0x2322210a, 0x201f0703, 0x3f000002, 0xb52a3c17, 0x01020100, 0x173f0101, 0x03b12a3c, 0x00b13f02,
	0x0940420c, 0x0334302f, 0x04010607, 0x3c173f02, 0x2bb7302a, 0x04252729, 0x2b020400, 0x15231121,
	0x06072227, 0x07060707, 0x07060706, 0x15060706, 0x1f161714, 0x16171602, 0x33173217, 0x22230737,
	0x34352627, 0x36373637, 0x37333637, 0x17333337, 0x808c2502, 0x0910071b, 0x0808061b, 0x1d2a3706,
	0x1a1a0909, 0x181e112e, 0x05050419, 0x29802909, 0x28265028, 0x10180809, 0x2111100a, 0x0d142722,
	0x01c0cf02, 0x06010201, 0x02030202, 0x2f223616, 0x39363631, 0x0f0b2637, 0x0101040b, 0x1a017102,
	0x243e3c1f, 0x060c1523, 0x0101010a, 0x1d000100, 0xf2010000, 0x16000f02, 0x0eb04300, 0x0940011f,
	0x00010800, 0x12051800, 0xb0312b00, 0xb1001f0d, 0xb6420c00, 0x16070101, 0x3f000001, 0x402a3c17,
	0x0107000a, 0x0c010600, 0x2b000508, 0x420c00b1, 0x020d0cb6, 0x020e0007, 0x2a3c173f, 0x22352130,
	0x21352627, 0x37342135, 0x35333336, 0x15060720, 0x33161714, 0x1afcf201, 0xfe3a0124, 0x401d25c6,
	0x44b3feb8, 0x7d474644, 0x3c170f6d, 0x11163d6f, 0x8044426d, 0x00444382, 0x08000100, 0x81010000,
	0x1900cf02, 0x0eb05e00, 0x0c40011f, 0x0b0a0100, 0x01150003, 0x00140000, 0x0418b32b, 0x402b0411,
	0x0119000b, 0x02171600, 0x00131818, 0x0db0312b, 0x00b1001f, 0x0c40420c, 0x19161500, 0x13020704,
	0x02010314, 0x2a3c173f, 0x420c00b1, 0x020908b6, 0x010b0007, 0x2a3c173f, 0x180100b5, 0x3f001701,
	0x302a3c17, 0x27233501, 0x36373435, 0x35171733, 0x07060722, 0x15060706, 0x11331523, 0x81011133,
	0x15130185, 0xcf162c1c, 0x04051d1e, 0x63630102, 0x69a60191, 0x0d111d14, 0x6802010c, 0x1a181515,
	0x6933141d, 0xa6015afe, 0x19000200, 0x2b0243ff, 0x1d000f02, 0x88002b00, 0x011f0eb0, 0x01000c40,
	0x1e012a01, 0x0018022b, 0x402b0016, 0x0001040a, 0x18000108, 0x2b000a25, 0x011fb431, 0x2b02000a,
	0x27290940, 0x05202123, 0x2b021625, 0x001f0db0, 0x420c00b1, 0x2a290940, 0x0207032b, 0x3f020101,
	0xb12a3c17, 0x40420c00, 0x02201f0a, 0x15141307, 0x3f001203, 0xb12a3c17, 0xb5420c00, 0x0007011e,
	0x173f0016, 0x00b12a3c, 0x18b6420c, 0x00070219, 0x173f071a, 0xb6302a3c, 0x03232527, 0x2b020112,
	0x22231125, 0x06070607, 0x14150607, 0x32171617, 0x3b171617, 0x23143702, 0x37201523, 0x27232736,
	0x26272627, 0x36373435, 0x02173333, 0x304dfe2b, 0x0b1e3330, 0x5939300b, 0x05060902, 0x65120b2b,
	0x7701f854, 0x598d3032, 0x17311c1f, 0x59292817, 0x01140841, 0x331212fb, 0x49312e1d, 0x0952484d,
	0x01010102, 0x34356b52, 0x090301c1, 0x48462b2a, 0x00012121, 0x3d000100, 0x1f020000, 0x1100cf02,
	0x0eb05200, 0x0940011f, 0x11000000, 0x10001801, 0x0c402b00, 0x0c0b0800, 0x010a0003, 0x00090718,
	0x0db0312b, 0x0940001f, 0x0a010106, 0x0003110b, 0x3c173f00, 0x0c00b12a, 0x010cb542, 0x02070007,
	0x2a3c173f, 0x090100b5, 0x3f010801, 0xb12a3c17, 0x303f0000, 0x26271021, 0x27232627, 0x33112335,
	0x16173211, 0x1f021115, 0x21211837, 0x8888a029, 0x011617a0, 0x0c162eb2, 0xfdc0020b, 0x149a0131,
	0xc2fe3414, 0x3d000200, 0xcd000000, 0x0300cf02, 0x42000700, 0x011f0eb0, 0x01000e40, 0x00030504,
	0x03070603, 0x00020018, 0x0db0312b, 0x00b1001f, 0x00b7420c, 0x02070203, 0x3f010101, 0xb52a3c17,
	0x01070100, 0x173f0004, 0x00b52a3c, 0x05010601, 0x3c173f02, 0x3513302a, 0x11131523, 0x90cd1123,
	0x4c029090, 0xb4fd8383, 0xf1fd0f02, 0xbcff0200, 0xcd0042ff, 0x0300cf02, 0x4b001000, 0x011f0eb0,
	0x01000e40, 0x0d030504, 0x02060301, 0x00020018, 0x0db0312b, 0x00b1001f, 0x00b7420c, 0x02070203,
	0x3f010101, 0xb52a3c17, 0x01060100, 0x173f0205, 0x00b12a3c, 0x0ab6420c, 0x010c0701, 0x173f070b,
	0x0db12a3c, 0x13303f07, 0x13152335, 0x07102311, 0x33152306, 0x36373217, 0x909090cd, 0x2354131a,
	0x2e2e3d55, 0x83834c02, 0xf601cdfd, 0x0d12c2fd, 0x3434016f, 0x40000100, 0x5c020000, 0x0a00cf02,
	0x0eb03c00, 0x0c40011f, 0x09080500, 0x01070003, 0x00060418, 0x0db0312b, 0x00b7001f, 0x0a080701,
	0x3f000003, 0xb52a3c17, 0x01030100, 0x173f0202, 0x00b52a3c, 0x05010601, 0x3c173f01, 0x0321302a,
	0x11072313, 0x11331123, 0xf55c0213, 0x8be1b0f5, 0x0e01d58b, 0x01fe0101, 0x0131fdbe, 0x0000ff00,
	0x3b000100, 0xcb000000, 0x0300cf02, 0x0eb02d00, 0x0a40011f, 0x00010100, 0x00180103, 0x312b0002,
	0x001f0db0, 0x030100b5, 0x3f000001, 0xb52a3c17, 0x01020100, 0x173f0101, 0x33302a3c, 0xcb112311,
	0xfdcf0290, 0x01000031, 0x00003d00, 0x0f022d03, 0x58001300, 0x011f0eb0, 0x00000940, 0x18011300,
	0x2b001200, 0x08000a40, 0x01060001, 0x00050718, 0x000a402b, 0x0a00010c, 0x090b1801, 0xb0312b00,
	0x40001f0d, 0x0601000a, 0x130b0a07, 0x3f000005, 0xb12a3c17, 0x40420c00, 0x0c09080a, 0x0507040e,
	0x3f020401, 0xb12a3c17, 0x303f0204, 0x26271021, 0x33112123, 0x33113311, 0x32333711, 0x11151617,
	0x363b2d03, 0x8aebfd6a, 0x382a8fa4, 0x01131320, 0xfd2a2fb6, 0xfe9a01f1, 0x029a0166, 0xfe341616,
	0x010000c4, 0x00003d00, 0x0f021f02, 0x40000d00, 0x011f0eb0, 0x00000940, 0x18010d00, 0x2b000c00,
	0x08000a40, 0x01060001, 0x00050718, 0x0db0312b, 0x00b7001f, 0x0d070601, 0x3f000003, 0xb12a3c17,
	0xb6420c00, 0x05070108, 0x3f020401, 0x302a3c17, 0x26271021, 0x33112123, 0x16173211, 0x1f021115,
	0xfe71313b, 0x10aa8afb, 0x2dba0111, 0x01f1fd28, 0x3814129a, 0x0200c4fe, 0xf5ff1900, 0x1a024802,
	0x21001100, 0x0eb04e00, 0x18b3011f, 0x2b041200, 0x0a1a18b3, 0x40312b04, 0x1c1e200a, 0x06141618,
	0x2b02121a, 0x001f0db0, 0x420c00b1, 0x07011eb5, 0x3f020400, 0xb12a3c17, 0xb5420c00, 0x00070116,
	0x173f000e, 0x40302a3c, 0x1c20120a, 0x0614181a, 0x2b02040e, 0x26273401, 0x06072223, 0x14150607,
	0x32331617, 0x14273637, 0x22230607, 0x34352627, 0x32333637, 0x48021617, 0x407e4c4d, 0x4e293130,
	0x7c7c4e4e, 0x22914d4e, 0x23403e27, 0x40272123, 0x01212143, 0x4b4d7a08, 0x4b261313, 0x4c4b7c7b,
	0x45784d4d, 0x2f2f302b, 0x302b4541, 0x02002e2f, 0x43ff3d00, 0x0f024a02, 0x2b001f00, 0x0eb08300,
	0x1040011f, 0x19040201, 0x071f1d1b, 0x00011500, 0x00200018, 0x000c402b, 0x0326250d, 0x18010b00,
	0x2b000a0c, 0x2224b531, 0x02000a02, 0x282ab62b, 0x200c0327, 0x0db02b02, 0x00b1001f, 0x27b7420c,
	0x0a070228, 0x3f020901, 0xb52a3c17, 0x010c0100, 0x173f070b, 0x00b12a3c, 0x24b6420c, 0x00070225,
	0x173f000d, 0x00b52a3c, 0x0e011001, 0x3c173f00, 0x20b5302a, 0x090b0222, 0x2ab42b02, 0x02090d01,
	0x2727012b, 0x26272726, 0x21232627, 0x17353311, 0x37323732, 0x36373736, 0x36373637, 0x34353637,
	0x07142737, 0x11232306, 0x17323337, 0x014a0216, 0x08060304, 0x533d3b21, 0x748af5fe, 0x0901071a,
	0x3e37070e, 0x020c2320, 0x90030102, 0x34662531, 0x21324b2f, 0x1f040123, 0x160f1322, 0xfd23234c,
	0x0101bd34, 0x0c010201, 0x312c2c15, 0x01030907, 0x582a1305, 0x2b011922, 0x00202102, 0x18000200,
	0x250243ff, 0x10000f02, 0x79001c00, 0x011f0eb0, 0x01000c40, 0x11100001, 0x0018031c, 0x402b000f,
	0x07000009, 0x16180001, 0x312b0005, 0x050112b4, 0xb72b0200, 0x14181a1b, 0x020f1604, 0x1f0db02b,
	0x0100b500, 0x07000110, 0x2a3c173f, 0x420c00b1, 0x021b1ab6, 0x02010007, 0x2a3c173f, 0x420c00b1,
	0x070112b6, 0x000d010e, 0x2a3c173f, 0x420c00b1, 0x070111b5, 0x3f000f00, 0x302a3c17, 0x141618b6,
	0x02010d03, 0x2011052b, 0x14150607, 0x16171617, 0x33331617, 0x23111537, 0x35262722, 0x33363734,
	0x25021733, 0x424277fe, 0x32150c0d, 0x0c371d59, 0x25515669, 0x34232324, 0x02bd2650, 0x6b4b4acc,
	0x1c302d37, 0x01070f4a, 0x232e01bd, 0x1e545523, 0x01000220, 0x00003d00, 0x0f02b901, 0x3b000d00,
	0x011f0eb0, 0x00000940, 0x1800010d, 0x2b000c00, 0x08000a40, 0x01060001, 0x00050718, 0x0db0312b,
	0x00b7001f, 0x0501020d, 0x3f020401, 0xb52a3c17, 0x01070100, 0x173f0006, 0x01302a3c, 0x23262734,
	0x11331123, 0x15161717, 0x1eb90107, 0x8aea561e, 0x021a173f, 0x219a3301, 0x01f1fd21, 0x080301aa,
	0x01002c3f, 0x00002b00, 0x0f022b02, 0x78002c00, 0x011f0eb0, 0x01020a40, 0x00010400, 0x00220018,
	0x190b402b, 0x1300021a, 0x07180001, 0x402b0011, 0x0d012b0b, 0x01280001, 0x00270c00, 0x0db0312b,
	0x0940001f, 0x00010b00, 0x040c0c00, 0x0b402b00, 0x1c1a1900, 0x0c000003, 0x2b00051d, 0x420c00b1,
	0x07010cb5, 0x3f020d00, 0x402a3c17, 0x01260009, 0x270c0000, 0xb12b001e, 0xb6420c00, 0x29070127,
	0x3f002801, 0x302a3c17, 0x26273425, 0x35222727, 0x33363734, 0x07203533, 0x17141506, 0x17161716,
	0x16331716, 0x32373333, 0x14151617, 0x21230607, 0x37322115, 0x0e2b0236, 0x4c9a5c21, 0xf6360920,
	0x31317efe, 0x1c180c0b, 0x031d151e, 0x53101c0e, 0x18181323, 0xdbfe2210, 0x27446501, 0x24309b26,
	0x2a030c44, 0x6d040b27, 0x3d3b2a29, 0x11102224, 0x01020303, 0x1a0f0a01, 0x6d0a0e1d, 0x01003535,
	0x00000800, 0xcf028901, 0x5b001600, 0x011f0eb0, 0x01000c40, 0x00030b0a, 0x00000111, 0x402b0010,
	0x0c09000d, 0x0f00030d, 0x08180212, 0x312b000e, 0x001f0db0, 0x420c00b1, 0x020201b7, 0x00011607,
	0x3c173f00, 0x0c00b12a, 0x090c4042, 0x0412110a, 0x100f0c07, 0x3f020b03, 0xb52a3c17, 0x010e0100,
	0x173f010d, 0x21302a3c, 0x27222335, 0x35262726, 0x23353335, 0x23152335, 0x17103315, 0x89013316,
	0x23122715, 0x95951212, 0x2a61618b, 0x03694e29, 0x32181506, 0xc0c069d5, 0x2cb2fe69, 0x0100002c,
	0x00003900, 0x0f021902, 0x40000d00, 0x011f0eb0, 0x01000a40, 0x01030001, 0x00020018, 0x0009402b,
	0x00000108, 0x00090718, 0x0db0312b, 0x00b1001f, 0x03b6420c, 0x010d0701, 0x173f0000, 0x00b72a3c,
	0x09080201, 0x3f020103, 0x302a3c17, 0x11231121, 0x35262722, 0x17102311, 0x19023316, 0x1315a38b,
	0x6a363a8a, 0x64fe0f02, 0x01321313, 0x2e49fe44, 0x0100002a, 0x00000200, 0x0f025f02, 0x28000600,
	0x011f0eb0, 0x040000b3, 0xb0312b04, 0xb7001f0d, 0x03010100, 0x02000304, 0x2a3c173f, 0x060100b5,
	0x3f000501, 0x302a3c17, 0x03032301, 0x02331323, 0x939a965f, 0x0294df9a, 0x0189fe0f, 0x00f1fd77,
	0xf2ff0100, 0x77030000, 0x0c000f02, 0x0eb02d00, 0x00b3011f, 0x2b040700, 0x1f0db031, 0x000a4000,
	0x04030101, 0x00050706, 0x3c173f02, 0x0100b72a, 0x030c0b09, 0x173f0008, 0x01302a3c, 0x23030323,
	0x13230303, 0x33131333, 0x73917703, 0x73739575, 0x7098b891, 0x0f029e73, 0x71018ffe, 0x71018ffe,
	0x6701f1fd, 0x010099fe, 0x00000200, 0x0f022902, 0x31000b00, 0x011f0eb0, 0x010a0a40, 0x00010600,
	0x00040000, 0x0db0312b, 0x00b7001f, 0x04030101, 0x3f020003, 0xb72a3c17, 0x09070100, 0x0006030a,
	0x2a3c173f, 0x07230130, 0x03132327, 0x33173733, 0xa0290203, 0xc3a07176, 0x706fa0c1, 0x0f02c0a2,
	0xf9fea0a0, 0x9898f8fe, 0x01000401, 0x43ff3900, 0x0f021902, 0x57001800, 0x011f0eb0, 0x01000b40,
	0x11030001, 0x02001802, 0x09402b00, 0x00010900, 0x0a081800, 0xb0312b00, 0x40001f0d, 0x01011309,
	0x030a0902, 0x173f0201, 0x00b12a3c, 0x03b5420c, 0x11000701, 0x3c173f00, 0x040cb32a, 0xb12b0410,
	0xb5420c00, 0x00070114, 0x173f0715, 0x25302a3c, 0x23112311, 0x35262722, 0x17102311, 0x33161716,
	0x23231417, 0x36372015, 0x718b1902, 0x88121238, 0x1e211632, 0xf854a628, 0x31317501, 0xfe01020e,
	0x35171664, 0x52fe3a01, 0x0d0d1431, 0x346b5202, 0x01000034, 0x00002d00, 0x0f021b02, 0x41000900,
	0x011f0eb0, 0x01000e40, 0x00030403, 0x03090806, 0x00050000, 0x0db0312b, 0x00b1001f, 0x0940420c,
	0x03080201, 0x00010907, 0x3c173f00, 0x0c00b12a, 0x03094042, 0x07030706, 0x02040105, 0x2a3c173f,
	0x21352130, 0x15213501, 0x02150121, 0x01c8fe1b, 0x0112fe38, 0x71c8fe38, 0x73732b01, 0x0071d5fe,
	0x4c000100, 0xb00136ff, 0x3a00d202, 0x0eb05600, 0x0f40011f, 0x1d1c0100, 0x140c0503, 0x18000420,
	0x2b000a00, 0x01180e40, 0x35021608, 0x02332901, 0x00280718, 0x0db0312b, 0x00b1001f, 0x01b7420c,
	0x3a000701, 0x3f073902, 0x402a3c17, 0x011d0009, 0x1e0c0000, 0x402b001c, 0x00000009, 0x2f0c012e,
	0x302b002d, 0x27223505, 0x35262726, 0x26273435, 0x26272627, 0x36373627, 0x34353637, 0x36373637,
	0x22273533, 0x020f0607, 0x15060706, 0x06071415, 0x32152323, 0x14151617, 0x16171617, 0xb0013733,
	0x0617182e, 0x04020209, 0x27181509, 0x06141330, 0x17090a08, 0x46162b17, 0x120f2320, 0x09030c0b,
	0x0b421a1a, 0x0a181950, 0x4d26260c, 0x0765c918, 0x27151409, 0x11161775, 0x11121a0c, 0x0f0f0e0c,
	0xa1301a1a, 0x06061515, 0x08060166, 0x0f0b0c0b, 0x79342410, 0x681a1a47, 0xb0471919, 0x15152224,
	0x01000001, 0x16ffc800, 0xfc022d01, 0x24000300, 0x011f0eb0, 0x01000a40, 0x01030001, 0x00020018,
	0x0db0312b, 0x0a40001f, 0x00010300, 0x00000102, 0x302b0001, 0x11231105, 0xea652d01, 0x1afce603,
	0x46000100, 0xa80136ff, 0x4800d202, 0x0eb07f00, 0x1240011f, 0x01010102, 0x302e2c26, 0x3d3c3231,
	0x00000008, 0x402b0025, 0x020f0d13, 0x0344430b, 0x1e1d1c13, 0x0006211f, 0x00230a18, 0x1319402b,
	0x23211d1c, 0x31302625, 0x0c3d3c32, 0x00022e1f, 0x03373618, 0x00171e18, 0x0db0312b, 0x0a40001f,
	0x00014800, 0x000c0102, 0x402b0001, 0x0000000a, 0x0c021716, 0x2b001518, 0x420c00b1, 0x01360a40,
	0x3a383707, 0x0739043b, 0x2a3c173f, 0x23352530, 0x26272722, 0x3435032f, 0x26272627, 0x26272627,
	0x15072323, 0x1f161732, 0x17141502, 0x15161714, 0x16171617, 0x06070617, 0x020f1415, 0x23060706,
	0x37173315, 0x36373733, 0x36373637, 0x37343535, 0xa8013336, 0x1f11180a, 0x0107091b, 0x04030303,
	0x21181b09, 0x161b2a1f, 0x0318162e, 0x0101030a, 0x130a0401, 0x123f2718, 0x03050312, 0x2b181509,
	0x0c0c171c, 0x1623111d, 0x1a0b091b, 0x68cf4419, 0x160f0703, 0x7b2b0f10, 0x0c1b191c, 0x06100d22,
	0x07660106, 0x121f0e07, 0x12190613, 0x3732160e, 0x0b10111d, 0x421f2012, 0x09151088, 0x65060316,
	0x02030101, 0x1f0f0d07, 0xbf0b351f, 0x0100191a, 0xd101c500, 0xb0022103, 0x3b002d00, 0x011f0eb0,
	0x2c2b0b40, 0x0000032d, 0x16000000, 0xb0312b00, 0x40001f0d, 0x0101000a, 0x00011700, 0x2b001600,
	0x25080cb3, 0x00b12b04, 0x10b6420c, 0x00070200, 0x173f091d, 0x01302a3c, 0x06020f23, 0x22230607,
	0x022f2627, 0x07222326, 0x15060706, 0x36373733, 0x32333637, 0x3316041f, 0x37363737, 0x03023f36,
	0x02036421, 0x16140903, 0x14151413, 0x450e1511, 0x2c2e3234, 0x03621a1a, 0x12120e0d, 0x0e111811,
	0x4117100c, 0x2f201d4c, 0x04091a17, 0x29b00203, 0x0b1e0f12, 0x110a0a0b, 0x10390d13, 0x51373512,
	0x07172533, 0x0b0a0b07, 0x03381510, 0x20201207, 0x00191428, 0x27000100, 0x9f00a2ff, 0x0a007d00,
	0x0eb02300, 0x0a40011f, 0x00010700, 0x06000105, 0x312b0004, 0x001f0db0, 0x020403b6, 0x08070001,
	0x2a3c173f, 0x35353730, 0x33152327, 0x36373615, 0x3777019f, 0x370c0b2a, 0x7d101224, 0x2123245e,
	0x69000100, 0x6f024dff, 0x3000cf02, 0x0eb05200, 0x0c40011f, 0x01010130, 0x0128012f, 0x00270000,
	0x130c402b, 0x15010d01, 0x00011701, 0x2b00160c, 0x1f0db031, 0x0100b500, 0x01010102, 0x2a3c173f,
	0x0b000e40, 0x0003280c, 0x0327260e, 0x000d290c, 0x000b402b, 0x0002302f, 0x2e00011a, 0x302b0019,
	0x07233501, 0x06070607, 0x1523030f, 0x07070333, 0x23020f06, 0x33173315, 0x3736033f, 0x13033f36,
	0x37233533, 0x33363736, 0x6f023317, 0x1e243377, 0x07030d0c, 0x6b821c06, 0x0b0b093f, 0x0f231816,
	0x300e1023, 0x0f1a1d16, 0x0c0b1809, 0x93380a09, 0x0c07197b, 0x0e1d310b, 0x04755a02, 0x15150f09,
	0x8d1b1713, 0x22d0fe75, 0x04031114, 0x02017501, 0x070a0503, 0x22201209, 0x23013426, 0x0a1e7475,
	0x02000109, 0xa2ff2700, 0x7d004901, 0x15000a00, 0x0eb03400, 0x0a40011f, 0x00010700, 0x06000105,
	0x402b0004, 0x0112000a, 0x00011000, 0x2b000f11, 0x1f0db031, 0x030a4000, 0x040f0e04, 0x07011201,
	0x3c173f08, 0x3525302a, 0x15232735, 0x37361533, 0x35352736, 0x33152327, 0x36373615, 0x77014901,
	0x0c0c2937, 0x377701aa, 0x370c0b2a, 0x7d101224, 0x2020265e, 0x1012242f, 0x23245e7d, 0x03000021,
	0x00006900, 0x7d007b03, 0x07000300, 0x4b000b00, 0x011f0eb0, 0x01000a40, 0x01030001, 0x00020018,
	0x000a402b, 0x07000105, 0x06041801, 0x0a402b00, 0x00010900, 0x0818010b, 0x312b000a, 0x001f0db0,
	0x420c00b1, 0x02011040, 0x0a090605, 0x04030706, 0x050b0807, 0x173f0000, 0x21302a3c, 0x23152335,
	0x23152335, 0x03152335, 0x77d6787b, 0x7d7d78d5, 0x7d7d7d7d, 0x1d000100, 0xd701a2ff, 0x0b00cf02,
	0x0eb04f00, 0x0a40011f, 0x00010100, 0x00000107, 0x402b0006, 0x0a03000e, 0x0500030b, 0x18030908,
	0x2b000402, 0x1f0db031, 0x000e4000, 0x030b0807, 0x06050200, 0x01000c03, 0x00b52b00, 0x03010401,
	0x3c173f01, 0x0100b52a, 0x0809010a, 0x2a3c173f, 0x23350130, 0x23152335, 0x33113315, 0x93d70111,
	0x94939394, 0xc97b8b01, 0x17fe7bc9, 0x0100e901, 0xa2ff1d00, 0xcf02d701, 0x6d001300, 0x011f0eb0,
	0x01000e40, 0x00030504, 0x030f0e0b, 0x000a0000, 0x0012402b, 0x12070603, 0x09000513, 0x11100d0c,
	0x08021805, 0xb0312b00, 0x40001f0d, 0x100f000e, 0x02000313, 0x0c030e0d, 0x2b000100, 0x420c00b1,
	0x04030c40, 0x07040c0b, 0x030a0906, 0x173f0205, 0x00b52a3c, 0x07010801, 0x3c173f01, 0x0100b52a,
	0x08110112, 0x2a3c173f, 0x23352530, 0x23353335, 0x23152335, 0x23153315, 0x33153315, 0x93d70135,
	0x93949393, 0x94939393, 0x79aa7b71, 0xaa79c0c0, 0x00cfcf7b, 0x61000100, 0x94014e02, 0x0600d902,
	0x0eb02400, 0x00b3011f, 0x2b040300, 0x1f0db031, 0x0c00b100, 0x010a4042, 0x03070202, 0x00030604,
	0x3c173f09, 0x2701302a, 0x37330723, 0x5f940117, 0x56435e76, 0x8b4e0256, 0x0048488b, 0x15000700,
	0x3505f9ff, 0x2200d102, 0x5d003900, 0x77007300, 0xb1009800, 0x0eb01601, 0x1240011f, 0x1f030201,
	0x00062221, 0x38362505, 0x00180004, 0x402b0023, 0x0213090c, 0x010d012e, 0x0f2d1800, 0x0d402b00,
	0x5c5b593c, 0x01570004, 0x5e3a1800, 0x0e402b00, 0x00026c68, 0x4e4a4948, 0x6a180004, 0xb32b004c,
	0x04767400, 0x960d402b, 0x7c000297, 0x0003b0af, 0x00997818, 0x8211402b, 0x04a5a4a1, 0x8c8b8600,
	0x028a8903, 0x0088a318, 0x0a40312b, 0x2b303234, 0x2d062729, 0x402b0223, 0x6e70720b, 0x60626466,
	0x025e6a07, 0xae0d402b, 0xa9aaabac, 0x9b9d9fa7, 0x0299a309, 0x1f0db02b, 0x00094000, 0x00000132,
	0x00077000, 0x2909402b, 0x15010242, 0x00170254, 0x2a3c173f, 0x3f0017b1, 0x706200b3, 0x00b52b04,
	0x74017501, 0x3c173f01, 0x0100b62a, 0x13027776, 0x3c173f00, 0x000a402a, 0x7f0001aa, 0x7ea90001,
	0x00b32b00, 0x2b049d91, 0x230e4030, 0x30343638, 0x272b2d2e, 0x07170a25, 0x0f402b02, 0xaeafb099,
	0xa3a4a5a7, 0x0b9b9fa1, 0x2b027e91, 0x26022f25, 0x07232627, 0x06070607, 0x14150607, 0x16171617,
	0x32331617, 0x023f3637, 0x35363736, 0x07142737, 0x23060706, 0x35262722, 0x36373435, 0x16173233,
	0x16171617, 0x26273405, 0x26272627, 0x06072223, 0x020f0607, 0x17141506, 0x1f161716, 0x36023f02,
	0x37353637, 0x07142736, 0x27222306, 0x27262726, 0x37343526, 0x33363736, 0x03161732, 0x13330123,
	0x27262734, 0x030f2326, 0x07060706, 0x1f021d06, 0x16171602, 0x36373233, 0x2336023f, 0x23060714,
	0x27262722, 0x37373526, 0x33363736, 0x1f16021f, 0x35051602, 0x18050503, 0x29243c3c, 0x1b1a2425,
	0x12130c0c, 0x090d1156, 0x19192a1e, 0x1614120f, 0x6603070c, 0x17090806, 0x15152a29, 0x28261a16,
	0x02050d16, 0xbafe0102, 0x1d1a0e0c, 0x212a1b2a, 0x301b1a1b, 0x0204080f, 0x1b1a110d, 0x2c232128,
	0x1b3a1b18, 0x67030107, 0x1b1f1717, 0x11090f11, 0x08060606, 0x2827130f, 0x4ea41718, 0x2f4ee8fe,
	0x3a3b1313, 0x140d1723, 0x1d1b1f19, 0x06050c0b, 0x24521607, 0x5a212221, 0x03060c0c, 0x27191867,
	0x030e1827, 0x04050206, 0x10261a0c, 0x09120c09, 0xba06070a, 0x540f192d, 0x07040f10, 0x261b170f,
	0x38302d27, 0x01051a3a, 0x09060601, 0x2716120c, 0x2c11080f, 0x0c17171d, 0x351d1c1a, 0x1a1c3906,
	0x0a12111b, 0x20070910, 0x1b1c2928, 0x0707070c, 0x1d2f1b0f, 0x27240e1a, 0x18182827, 0x0502050c,
	0x52100603, 0x15100811, 0x1a1a3c16, 0x14090406, 0x1a1b1818, 0x13121918, 0xd5011c1b, 0x190233fd,
	0x0d413f1e, 0x0401010d, 0x1a1b0706, 0x061f2726, 0x1c1b2717, 0x0909153d, 0x242d3612, 0x1b1a2b12,
	0x1514101b, 0x101c1b1e, 0x03011a0f, 0x0e0c0605, 0x02001915, 0x00002200, 0xaa03cd02, 0x48000600,
	0x0eb08c00, 0x00b3011f, 0x2b040400, 0x48470e40, 0x300e0002, 0x00044140, 0x00310718, 0x000a402b,
	0x26000116, 0x25151801, 0x0c402b00, 0x21011a00, 0x01370223, 0x00361900, 0x0db0312b, 0x0c40001f,
	0x04030100, 0x01060003, 0x0005000c, 0x0009402b, 0x00000118, 0x000e1900, 0x100cb32b, 0xb32b042b,
	0x042a110c, 0x3b39b72b, 0x011b0102, 0x173f011a, 0x09402a3c, 0x00013f00, 0x353d0c00, 0x00b12b00,
	0x36b5420c, 0x37000701, 0x3c173f00, 0x2301302a, 0x17232707, 0x27340133, 0x26272627, 0x23232627,
	0x35262722, 0x21333435, 0x07072135, 0x07060706, 0x15060706, 0x16171415, 0x16171733, 0x17171617,
	0x23060714, 0x37321521, 0x33363336, 0x37373336, 0x37363736, 0x02373736, 0x56564413, 0x01765f44,
	0x142a2c19, 0x0b0f1718, 0x1a2bc734, 0x7501751a, 0x2d3c73fe, 0x0e0f1d2f, 0x3f120c0b, 0x17ce713f,
	0x030d0e19, 0x391f1d01, 0x693886fe, 0x1a593141, 0x1816192f, 0x0c201f30, 0x0304030f, 0x8b4848aa,
	0x276bb8fd, 0x05050c21, 0x14150101, 0x8142043d, 0x150e0704, 0x1c0d110b, 0x57084f2a, 0x0302302f,
	0x1d100d07, 0x11112d0f, 0x01010181, 0x0c050201, 0x21201918, 0x01001918, 0x5a001900, 0xb6015a01,
	0x23000500, 0x011f0eb0, 0x01040940, 0x00000000, 0x2b000200, 0x1f0db031, 0x000a4000, 0x04000101,
	0x03000001, 0x01302b00, 0x33170723, 0x955a0127, 0xac99a4ac, 0xaeaeb601, 0x020000ae, 0xf2ff1b00,
	0xdc027904, 0x6c004300, 0x0eb0a500, 0x0d40011f, 0x03131211, 0x026b4600, 0x440e1800, 0x0f402b00,
	0x5654522b, 0x075c5b58, 0x18000000, 0x2b002f59, 0x4a4cb631, 0x002f0348, 0x0f402b02, 0x65666769,
	0x5f606163, 0x0b4e505d, 0x2b024459, 0x001f0db0, 0x420c00b1, 0x020201b7, 0x00014307, 0x3c173f00,
	0x0009402a, 0x00000119, 0x00041a00, 0x000a402b, 0x0f000110, 0x0e110c01, 0x1bb12b00, 0x1cb13f01,
	0x0cb33f01, 0x2b046529, 0x420c00b1, 0x024c34b6, 0x00390007, 0x2a3c173f, 0x6b134030, 0x5f606169,
	0x595b5c5d, 0x52545658, 0x390f4e50, 0x212b0229, 0x27222335, 0x2f262726, 0x21352604, 0x37372135,
	0x37363736, 0x35333336, 0x06020f05, 0x2f070607, 0x22232603, 0x06070607, 0x16171415, 0x1716021f,
	0x37323316, 0x17163736, 0x33161716, 0x06071401, 0x06070607, 0x26272223, 0x26272627, 0x26272627,
	0x3f342731, 0x023f3602, 0x33363736, 0x17161717, 0x04161716, 0x1812f979, 0x161f150e, 0x04080a0a,
	0xfea40109, 0x0803025e, 0x27250e0d, 0xeffef935, 0x2017201a, 0x22222223, 0x2a282420, 0x51516569,
	0x0d152726, 0x2b14110f, 0x475a4746, 0x203e4543, 0x29282327, 0x0ed1fe2e, 0x2919180f, 0x262b2a28,
	0x0d1b1928, 0x02010501, 0x06030301, 0x0f1a0b07, 0x2a11120f, 0x2d272a28, 0x0d0e1a15, 0x0401027d,
	0x110c1809, 0x27260f0f, 0x181b167d, 0x14101e1d, 0x0502017d, 0x11110602, 0x1212181c, 0x2a29100f,
	0x696a5453, 0x1d19284a, 0x18182e17, 0x1b291b16, 0x06061213, 0x38396401, 0x0f1c1b36, 0x1b10100f,
	0x0f06331e, 0x32091203, 0x1f231932, 0x0c0e1e28, 0x040e060c, 0x1a18140a, 0x01003539, 0xf2012600,
	0xcf029e00, 0x23000900, 0x011f0eb0, 0x01000a40, 0x01090001, 0x00080000, 0x0db0312b, 0x08b6001f,
	0x01020101, 0x173f0101, 0x13302a3c, 0x07152335, 0x17161714, 0x01779e35, 0x02260f0d, 0x24237d52,
	0x20232330, 0x01000060, 0xf2012700, 0xcf02a000, 0x23000900, 0x011f0eb0, 0x06000a40, 0x01040001,
	0x00030500, 0x0db0312b, 0x06b6001f, 0x01030101, 0x173f0102, 0x13302a3c, 0x15232735, 0x37361533,
	0x7702a036, 0x0e0c2639, 0x1c397a02, 0x1e23607d, 0x02000021, 0xf2012600, 0xcf024801, 0x13000900,
	0x0eb03400, 0x0a40011f, 0x00010100, 0x00000109, 0x402b0008, 0x010b000a, 0x00011300, 0x2b00120a,
	0x1f0db031, 0x080a4000, 0x02010212, 0x01030c0b, 0x3c173f01, 0x3501302a, 0x14150723, 0x35171617,
	0x15233523, 0x16171407, 0x48013517, 0x0d0e0177, 0x01777326, 0x02260f0d, 0x24247d52, 0x2023242e,
	0x24237d60, 0x20232330, 0x02000060, 0xf2012700, 0xcf024901, 0x13000900, 0x0eb03400, 0x0a40011f,
	0x00010600, 0x05000104, 0x402b0003, 0x0110000a, 0x00010e00, 0x2b000d0f, 0x1f0db031, 0x060a4000,
	0x03010210, 0x02030d0c, 0x3c173f01, 0x3501302a, 0x33152327, 0x36373615, 0x23273527, 0x36153315,
	0x49013637, 0x26377701, 0x01aa0e0d, 0x0e273777, 0x3e88020c, 0x21607d09, 0x3e332121, 0x23607d09,
	0x01001e20, 0x2d011600, 0xc501b000, 0x1e001300, 0x011f0eb0, 0x01020b40, 0x020a0800, 0x0c001800,
	0xb0312b00, 0xb3001f0d, 0x0410060c, 0x3413302b, 0x26272627, 0x06072223, 0x14150615, 0x32331617,
	0x0db03637, 0x1f10110d, 0x0308181d, 0x2a1c191a, 0x7b011110, 0x09121313, 0x060d2709, 0x1514150a,
	0x001d1e16, 0x00000100, 0xe803cf00, 0x03004c01, 0x0eb02300, 0x00b3011f, 0x2b040300, 0x020100b3,
	0xb0312b04, 0x40001f0d, 0x0103000a, 0x0c010200, 0x2b000100, 0x21272530, 0x02e80317, 0xcf021afc,
	0x01007d7d, 0xcf000000, 0x4c01f401, 0x24000300, 0x011f0eb0, 0x01000a40, 0x01030001, 0x00020000,
	0x0db0312b, 0x0a40001f, 0x00010300, 0x000c0102, 0x302b0001, 0x15213525, 0x0cfef401, 0x007d7dcf,
	0x5f000100, 0x96015402, 0x1b00d302, 0x0eb03300, 0x0940011f, 0x010e0000, 0x0f000000, 0xb0312b00,
	0xb6001f0d, 0x18010103, 0x3f091701, 0xb32a3c17, 0x04120800, 0x0100b52b, 0x090f0110, 0x2a3c173f,
	0x06230130, 0x23032f23, 0x0f060722, 0x33363303, 0x3233041f, 0x96013637, 0x171f0d31, 0x160f2220,
	0x0d15120f, 0x300a0807, 0x1119210a, 0x0f0d210f, 0x021b1d20, 0x090325d3, 0x0d090208, 0x26110b18,
	0x03030422, 0x181a0209, 0x66000200, 0xc102bf01, 0x0c00cb02, 0x4f001400, 0x011f0eb0, 0x01000a40,
	0x010c0001, 0x000b0000, 0x000a402b, 0x06000108, 0x05070001, 0x0a402b00, 0x00011400, 0x13000112,
	0x312b0011, 0x001f0db0, 0x06001440, 0x0c0a0907, 0x1411100d, 0x0402010a, 0x050f0e05, 0x173f0101,
	0x01b12a3c, 0x01303f01, 0x27072311, 0x35331123, 0x15373317, 0x15233525, 0x35331533, 0x3a60c102,
	0x4e405f3f, 0xd1fe4d1d, 0x014852ec, 0xa20c01bf, 0xc7f4fea2, 0xd3c7c7c7, 0xd3d33939, 0x2b000200,
	0x2b020000, 0x0600d902, 0x84003300, 0x011f0eb0, 0x040000b3, 0x09402b04, 0x00000109, 0x27071800,
	0x0b402b00, 0x00022313, 0x1800011d, 0x2b001b12, 0x31300d40, 0x01190332, 0x00012b00, 0x2b002a18,
	0x1f0db031, 0x000c4000, 0x03040301, 0x0c010600, 0x2b000500, 0x15000b40, 0x00031716, 0x0f180c00,
	0x0a402b00, 0x02242300, 0x250c0000, 0xb12b0010, 0xb5420c00, 0x00070118, 0x173f0219, 0x00b12a3c,
	0x29b7420c, 0x2c07022a, 0x3f002b01, 0x302a3c17, 0x27072301, 0x13331723, 0x27262734, 0x23262726,
	0x37352223, 0x35033b36, 0x17141520, 0x33051f16, 0x23141532, 0x32211521, 0x0136043f, 0x565644bf,
	0xcb765f44, 0x1a180f0e, 0x7f21221e, 0x3d090242, 0xfef60a0d, 0x140f0c1c, 0x13181b18, 0x4ac31514,
	0x6501dbfe, 0x0f16182e, 0x020d0910, 0x8c4949d9, 0x1e2561fe, 0x0813121c, 0x23112c08, 0x1e6c6a6d,
	0x080c0e1e, 0x33010104, 0x11126d35, 0x1d151a10, 0x19000100, 0x5a015a00, 0x0500b601, 0x0eb02300,
	0x0940011f, 0x01020000, 0x04000000, 0xb0312b00, 0x40001f0d, 0x0104000a, 0x00010200, 0x2b000105,
	0x23270130, 0x01330717, 0xac99a45a, 0x080195b0, 0x00aeaeae, 0x1a000200, 0x7b03f8ff, 0x4e001702,
	0xb0006c00, 0x011f0eb0, 0x0a000a40, 0x00015101, 0x004f0718, 0x5f0e402b, 0x015d0260, 0x2a022c27,
	0x295c1801, 0xb5312b00, 0x29025355, 0x402b0200, 0x68696b11, 0x64656667, 0x585a6162, 0x5c0d5657,
	0xb02b024f, 0xb1001f0d, 0xb6420c00, 0x4e070101, 0x3f000001, 0x402a3c17, 0x0109000a, 0x0c010800,
	0x2b00070a, 0x420c00b1, 0x070110b5, 0x3f021a00, 0xb12a3c17, 0xb5420c00, 0x00070111, 0x173f0212,
	0x32b52a3c, 0x3c000101, 0x3c173f00, 0x0c00b12a, 0x0155b742, 0x023f3e07, 0x173f003d, 0x40302a3c,
	0x68696b12, 0x64656667, 0x5f606162, 0x0e5a5c5d, 0x2b021a3d, 0x27223521, 0x35262726, 0x34213521,
	0x36373637, 0x20353333, 0x26070607, 0x22232627, 0x06070607, 0x030f0607, 0x15060706, 0x16171415,
	0x16171617, 0x16171617, 0x16171617, 0x17331633, 0x3f323333, 0x16171605, 0x3333021f, 0x06071403,
	0x2f230607, 0x26272602, 0x3f343535, 0x033f3603, 0x17161717, 0xee7b0316, 0x110d1718, 0xc5fe3b01,
	0x15170f1f, 0xf4feba27, 0x2f212c2c, 0x1a3f2d2a, 0x191e1920, 0x12080e17, 0x0d111012, 0x0a04050e,
	0x2f252416, 0x0a080514, 0x02060605, 0x061a050c, 0x240c1407, 0x221f1d23, 0x1c181c17, 0x0c1e1118,
	0x220e0df8, 0x0b192a22, 0x14142f09, 0x13080606, 0x120b1b0f, 0x291c161a, 0x066d1515, 0x29171507,
	0x0c163a6f, 0x0f6d0305, 0x102c2a0f, 0x0a040514, 0x08070e0a, 0x1a151311, 0x08332523, 0x1a191e1d,
	0x13252134, 0x02010109, 0x02020101, 0x0c070301, 0x1e18130d, 0x03031011, 0x2d0e0101, 0x18182624,
	0x13030302, 0x04282a2a, 0x1210132d, 0x040f0f19, 0x07030304, 0x00282814, 0xd9ff0300, 0x94020000,
	0x0300b703, 0x10000700, 0x0eb05a00, 0x0a40011f, 0x00010100, 0x00180103, 0x402b0002, 0x0105000a,
	0x18010700, 0x2b000604, 0x10000a40, 0x010e0001, 0x000d0f18, 0x0db0312b, 0x0e40001f, 0x07030000,
	0x05020003, 0x040c0306, 0xb72b0001, 0x0b090100, 0x0108030c, 0x2a3c173f, 0x0f0100b5, 0x3f000e01,
	0x302a3c17, 0x15233501, 0x15233523, 0x03032305, 0x33110123, 0x77bf0111, 0xfa017737, 0xa8b2b3ae,
	0x03990f01, 0x7f7f7f38, 0xecfe697f, 0x6dfe1401, 0x3c01c4fe, 0x50000200, 0xe8000000, 0x0300cf02,
	0x50000700, 0x011f0eb0, 0x01000a40, 0x01030001, 0x00020018, 0x000a402b, 0x07000105, 0x06041801,
	0xb0312b00, 0xb5001f0d, 0x01030100, 0x173f0900, 0x00b52a3c, 0x01010201, 0x3c173f01, 0x0100b52a,
	0x00040107, 0x2a3c173f, 0x060100b5, 0x3f020501, 0x302a3c17, 0x15233513, 0x11231113, 0x969698e8,
	0x81814e02, 0x1502b2fd, 0x0200ebfd, 0x56000f00, 0x85028901, 0x27001d00, 0x0eb06000, 0x1240011f,
	0x07060300, 0x00051d1c, 0x1e1b1a09, 0x02000527, 0x402b0008, 0x02180c0e, 0x12110123, 0x18000313,
	0x2b001022, 0x2025b531, 0x02082202, 0x1f0db02b, 0x000c4000, 0x00020201, 0x0c021d1a, 0x2b00001e,
	0x03000c40, 0x06000204, 0x270c0209, 0x302b0005, 0x222325b7, 0x05000420, 0x35252b02, 0x35333523,
	0x15233523, 0x06070607, 0x1f150607, 0x16171603, 0x3315021f, 0x27262735, 0x34353526, 0x01373637,
	0x6a6a6a89, 0x13162d39, 0x012c2b2a, 0x0c080802, 0x28241e1e, 0x36393930, 0x16181515, 0xfa5c9432,
	0x043f3f5c, 0x2d0c0603, 0x1843372d, 0x1e241a1e, 0x050a0b19, 0x0c5c3e3e, 0x0433211c, 0x061f1f36,
	0x1b000100, 0x90020000, 0x2e00cf02, 0x0eb06c00, 0x0a40011f, 0x00010100, 0x00000111, 0x402b0010,
	0x0103000d, 0x2b282700, 0x0218042c, 0x402b0026, 0x0105000c, 0x2e2d2a00, 0x29040003, 0xb0312b00,
	0xb1001f0d, 0x40420c00, 0x2c02010a, 0x2e07042d, 0x3f000001, 0x402a3c17, 0x0403000e, 0x0600032a,
	0x0c032928, 0x2b00052b, 0x3f0910b1, 0x010119b7, 0x11021312, 0x3c173f01, 0x3521302a, 0x35333521,
	0x37272723, 0x023f3637, 0x23353336, 0x06020f23, 0x07060707, 0x020f0607, 0x07060706, 0x23021d06,
	0x23153315, 0xfe900215, 0x01afafa3, 0x06050301, 0x1e0a0c07, 0x450db8da, 0x0a0a1e16, 0x05070302,
	0x09140b12, 0x030a0302, 0x81818109, 0x2c67bc7b, 0x0c171f26, 0x0b050907, 0x0602047d, 0x01010303,
	0x0d0c0204, 0x07020d1a, 0x4c27190f, 0xbc672310, 0x0200007b, 0xa2002100, 0xbd023e02, 0x4b002500,
	0x0eb06a00, 0x0d40011f, 0x00022507, 0x03282408, 0x26030000, 0x10402b00, 0x03381e0c, 0x17140d00,
	0x00051d18, 0x00163600, 0x1540312b, 0x4446484a, 0x3e3f4042, 0x32343a3c, 0x2c2d2e30, 0x2636112a,
	0x0db02b02, 0x0940001f, 0x00013f00, 0x0a400000, 0x00b32b00, 0x2b043020, 0x26104030, 0x3a3c484a,
	0x32343638, 0x0c282a2c, 0x2b020a20, 0x35362725, 0x27372734, 0x22232607, 0x17072707, 0x07060706,
	0x1f150607, 0x37170704, 0x37323316, 0x03173736, 0x07060714, 0x06020f06, 0x26272223, 0x34352627,
	0x36373637, 0x37373637, 0x32173233, 0x16171617, 0x16171617, 0x24633e02, 0x63336324, 0x38403f39,
	0x04643364, 0x0c010705, 0x0a040309, 0x33641104, 0x32323664, 0x631b1d1e, 0x08060554, 0x14111b17,
	0x21171a0c, 0x05121320, 0x1c160a04, 0x14140812, 0x07021210, 0x09090303, 0xd7121120, 0x3f3f3963,
	0x61336336, 0x33612424, 0x0a0a0463, 0x1f1f1c04, 0x0c1c1a1a, 0x6435631b, 0x12090924, 0x15160164,
	0x200d1316, 0x04060810, 0x211e1311, 0x0f121122, 0x0a0d2412, 0x03060601, 0x06030101, 0x001f1e14,
	0xd9ff0100, 0x94020000, 0x1600cf02, 0x0eb05100, 0x0a40011f, 0x00010f00, 0x0e18010d, 0x312b000c,
	0x001f0db0, 0x010100b7, 0x00030403, 0x3c173f01, 0x000e402a, 0x03150605, 0x14130800, 0x07160003,
	0x0e402b00, 0x110a0900, 0x0f0c0003, 0x12000310, 0xb52b000b, 0x010e0100, 0x173f000d, 0x01302a3c,
	0x23030323, 0x33152317, 0x33152317, 0x33113311, 0x33372335, 0x94022335, 0xa8b2b3ae, 0x2ba279a8,
	0xe699e0cd, 0x7ba22fd1, 0xecfecf02, 0x3bf61401, 0xddfe3b40, 0x403b2301, 0x0200003b, 0x56ffc800,
	0xbb022d01, 0x07000300, 0x0eb03500, 0x0e40011f, 0x05040100, 0x06030003, 0x00180307, 0x312b0002,
	0x001f0db0, 0x03000a40, 0x01020001, 0x00010000, 0x000a402b, 0x06000107, 0x05040001, 0x01302b00,
	0x13112311, 0x01112311, 0x6565652d, 0x73014801, 0x0efe8dfe, 0x8ffe7101, 0x0e000200, 0xe401a2ff,
	0x5c00cf02, 0xc5006f00, 0x011f0eb0, 0x03000f40, 0x050e0d04, 0x00020b02, 0x5d011800, 0x0b402b00,
	0x00021b18, 0x18000132, 0x2b002c1a, 0x5a580d40, 0x28012302, 0x00015001, 0x2b004f22, 0x66400e40,
	0x39370002, 0x0135033b, 0x00346418, 0x0009402b, 0x00014a00, 0x00490018, 0x0e40312b, 0x6b6c6d6e,
	0x6268696a, 0x640a5f60, 0xb02b025d, 0x40001f0d, 0x6a0d000f, 0x056d6c6b, 0x02151400, 0x00136e0c,
	0x0100b72b, 0x0322211f, 0x173f0920, 0x40b62a3c, 0x01240101, 0x173f0123, 0x0b402a3c, 0x00015f00,
	0x0c024443, 0x2b004260, 0x4e000940, 0x0c000001, 0x2b00454f, 0x420c00b1, 0x07014fb6, 0x08500151,
	0x2a3c173f, 0x6466b530, 0x02134202, 0x3527252b, 0x2f262727, 0x34353603, 0x2726022f, 0x2f232326,
	0x37352603, 0x33363736, 0x35333337, 0x020f2223, 0x15060706, 0x17161714, 0x15060706, 0x14171415,
	0x17171617, 0x17161716, 0x32033b16, 0x07151617, 0x23060706, 0x37331523, 0x37363733, 0x37363736,
	0x14033637, 0x27222307, 0x37343526, 0x33023f36, 0x32333337, 0x0201e401, 0x070e0402, 0x033b1509,
	0x2f130907, 0x0f136830, 0x0d0d0b0e, 0x0d160803, 0xb1250f07, 0x12285ae6, 0x0e080d0e, 0x291f1110,
	0x01010d0c, 0x16100102, 0x1320102c, 0x101c0d30, 0x03141618, 0x34121507, 0x1119eebd, 0x09192321,
	0x13030806, 0x4a338411, 0x0f141424, 0x080e180d, 0x13070808, 0x0c1f3f4f, 0x1519150e, 0x2c110a0b,
	0x160c2e2c, 0x0f0f2a13, 0x09070401, 0x1c12150d, 0x77010707, 0x10111022, 0x2e2d2111, 0x13172523,
	0x04251b1e, 0x0601030f, 0x28250607, 0x0403070f, 0x14161111, 0x75070819, 0x16090602, 0x04080807,
	0x1e012420, 0x0e0f1e28, 0x13101412, 0x01010109, 0x68000200, 0x8c015402, 0x0300d302, 0x3a000700,
	0x011f0eb0, 0x01000a40, 0x01030001, 0x00020018, 0x000a402b, 0x07000105, 0x06041801, 0xb0312b00,
	0xb1001f0d, 0x40420c00, 0x0502010c, 0x03070406, 0x00030704, 0x3c173f09, 0x3501302a, 0x35231523,
	0x8c011523, 0x02773677, 0x7f7f7f54, 0x0300007f, 0xfcff3700, 0xd3020a03, 0x65003700, 0xeb009b00,
	0x011f0eb0, 0x02010e40, 0x05000336, 0x00033c3a, 0x00380000, 0x130f402b, 0x00031514, 0x1d1a1918,
	0x52000004, 0x402b001b, 0x9a7c420f, 0x462e0003, 0x00048067, 0x007b6600, 0x7010402b, 0x6e039172,
	0x8b8a0f01, 0x00018d03, 0x2b008c6d, 0x640d4031, 0x60616263, 0x3e3f4041, 0x02386609, 0x445eb62b,
	0x7b660343, 0x5cb72b02, 0x04484a4c, 0x2b027b6d, 0x024e5ab5, 0x2b028c6d, 0x56580940, 0x05505455,
	0x2b028c52, 0x001f0db0, 0x0f000940, 0x00000001, 0x2b000b5c, 0x010148b6, 0x002b012c, 0x2a3c173f,
	0x67000a40, 0x017c0001, 0x007b660c, 0x6900b32b, 0xb32b0495, 0x04827700, 0x38b6302b, 0x66033a52,
	0xb42b027b, 0x6995013f, 0x4eb72b02, 0x04424344, 0x2b02692b, 0x025464b5, 0x2b028266, 0x025a5eb5,
	0x2b020b77, 0x770161b4, 0x012b0282, 0x2f26022f, 0x26272602, 0x06072223, 0x0f06070f, 0x16171403,
	0x17161717, 0x17161716, 0x16171617, 0x36043f33, 0x36373637, 0x14273637, 0x06070607, 0x0706060f,
	0x27222306, 0x27262726, 0x35262726, 0x36023f34, 0x36373637, 0x16173233, 0x0716041f, 0x22230623,
	0x35352627, 0x37363734, 0x32033f36, 0x33171617, 0x27262726, 0x07222326, 0x07060706, 0x15020f06,
	0x17161714, 0x33161716, 0x36373637, 0x0a033637, 0x1c090706, 0x2621180c, 0x4b4c4041, 0x1b202d30,
	0x0c12181a, 0x030e120b, 0x0a010106, 0x0625110a, 0x0801020b, 0x1f192907, 0x103d313f, 0x362f2525,
	0x1518312f, 0x03390606, 0x150a0403, 0x11131614, 0x20151d1e, 0x17122721, 0x21270d1a, 0x182a2a45,
	0x11151309, 0x383b3b29, 0x2738393d, 0x0b101215, 0x0c5e7b18, 0x1617304e, 0x0f050303, 0x18141a04,
	0x0317181d, 0x1717075c, 0x2b2f2324, 0x10102728, 0x0607100f, 0x2a191701, 0x23161917, 0x15254120,
	0x66010b0c, 0x3c191d46, 0x27232014, 0x14161b1c, 0x1a181514, 0x28141118, 0x112a1e1b, 0x2a272e10,
	0x0d08381e, 0x080a0102, 0x24121222, 0x0b040101, 0x302f1810, 0x26243234, 0x1a151423, 0x1f24240d,
	0x130d1319, 0x06070d11, 0x0c030403, 0x47462c12, 0x16374743, 0x27111e1d, 0x1819181a, 0x1a1a1729,
	0x4e7e3917, 0x04342b2c, 0x1011131c, 0x09190720, 0x20151503, 0x0e1e1e30, 0x10141311, 0x1f191810,
	0x2519231e, 0x0d1e3034, 0x09020708, 0x1b1a1425, 0x1c000200, 0xae015e01, 0x1f00cf02, 0x65002a00,
	0x011f0eb0, 0x01000c40, 0x02070601, 0x00180120, 0x402b0010, 0x0224130c, 0x1c011900, 0x1b261801,
	0xb5312b00, 0x26022120, 0xb62b0210, 0x0322282a, 0x2b02001b, 0x001f0db0, 0x21000940, 0x00000001,
	0x2b000020, 0x01010ab7, 0x08020907, 0x3c173f01, 0x000a402a, 0x00021210, 0x0b110000, 0x00b32b00,
	0x2b04202a, 0x34350130, 0x032f2627, 0x1f331523, 0x23151602, 0x0706030f, 0x15060706, 0x16171415,
	0x26272337, 0x34352627, 0x01333637, 0x171927ae, 0xec121311, 0x0c102cae, 0x14188a17, 0x161a1019,
	0x1f05040e, 0x1c83e81f, 0x11080210, 0x5e019612, 0x16283ee6, 0x01030506, 0x0505044c, 0x0101290e,
	0x16070404, 0x1d0d0c12, 0x201f270b, 0x0506024a, 0x09161008, 0x02000008, 0x5a001900, 0xb6014802,
	0x0b000500, 0x0eb03300, 0x0940011f, 0x00000104, 0x02000000, 0x09402b00, 0x0000010a, 0x08060000,
	0xb0312b00, 0x40001f0d, 0x0100000e, 0x04000307, 0x00030a09, 0x2b000306, 0x07230130, 0x27273317,
	0x33170723, 0x94480227, 0xac96a4ac, 0xa4ac953c, 0xb601ac99, 0xaeaeaeae, 0x00aeaeae, 0x7b000100,
	0xc502b200, 0x0500a601, 0x0eb02400, 0x0a40011f, 0x00010100, 0x00000105, 0x312b0004, 0x001f0db0,
	0x03000a40, 0x01020001, 0x0001040c, 0x3525302b, 0x15211521, 0xb6fdc502, 0xf4b2ea01, 0x04009460,
	0xfcff3800, 0xd3020a03, 0x5a003300, 0x7b006f00, 0x0eb0d900, 0x0d40011f, 0x03320201, 0x02363500,
	0x34000000, 0x09402b00, 0x1f000000, 0x1e4b0001, 0x11402b00, 0x615b0c0b, 0x2a000564, 0x046f685c,
	0x70631800, 0x0f402b00, 0x756d0144, 0x25130376, 0x00016b02, 0x2b006a6c, 0x590b4031, 0x393b3d3f,
	0x63073738, 0xb52b0234, 0x63024157, 0x402b0270, 0x77787a0b, 0x43557274, 0x02706c07, 0x4653b62b,
	0x6a6c0345, 0x09402b02, 0x494d4f51, 0x6a4b0547, 0x0db02b02, 0x00b3001f, 0x2b045510, 0x010143b6,
	0x00270128, 0x2a3c173f, 0x6b000b40, 0x00036f6c, 0x6a5b0000, 0x0b402b00, 0x02777600, 0x0c017500,
	0x2b007478, 0x34104030, 0x494b4d59, 0x38393b3d, 0x0c353637, 0x2b026a5b, 0x414647b7, 0x6a27043f,
	0x57b62b02, 0x5b035153, 0x012b0210, 0x27262727, 0x26022f26, 0x2326042f, 0x06020f22, 0x06070607,
	0x06070607, 0x17141515, 0x17161716, 0x043f3316, 0x37363736, 0x27363736, 0x0706040f, 0x07060706,
	0x23060706, 0x2726032f, 0x37343526, 0x37363736, 0x33363736, 0x17161732, 0x3f270316, 0x36373602,
	0x27262735, 0x23262726, 0x33353311, 0x07141317, 0x35232306, 0x17323333, 0x020a0316, 0x1d0e0705,
	0x10101025, 0x0f10170c, 0x4b4b420d, 0x07102929, 0x1b080a0c, 0x1c1d231f, 0x31331c1e, 0x32293f42,
	0x2f252510, 0x18312f36, 0x39060615, 0x0f0a0502, 0x04010209, 0x2a140f0a, 0x263c3a3a, 0x372f2a26,
	0x16192727, 0x1e1b122c, 0x523b3c15, 0x27284747, 0x0e185a7b, 0x090b120d, 0x1f190c03, 0x61cd1b1c,
	0x1b064c31, 0x10133a1b, 0x1b1c2715, 0x24266701, 0x25432320, 0x05101010, 0x0607090f, 0x0812121d,
	0x06060803, 0x42232014, 0x4b064b41, 0x32334041, 0x01011c1c, 0x18100b04, 0x3234302f, 0x1e1e2624,
	0x1025201c, 0x0e070105, 0x18281315, 0x11080217, 0x4444221a, 0x35364846, 0x1313122c, 0x2c2b1809,
	0xeefe4544, 0x09070ab4, 0x1c14150f, 0x16102719, 0x6efe0703, 0x1d01a4a4, 0x750c0c24, 0x01000c0c,
	0x98020000, 0xfc02f401, 0x24000300, 0x011f0eb0, 0x01000a40, 0x01030001, 0x00020000, 0x0db0312b,
	0x0a40001f, 0x00010300, 0x000c0102, 0x302b0001, 0x15213501, 0x0cfef401, 0x64649802, 0x3e000200,
	0x4d01c901, 0x0f00d802, 0x4a001f00, 0x011f0eb0, 0x00000a40, 0x00020e02, 0x00100000, 0x060a402b,
	0x0000020a, 0x08180000, 0x40312b00, 0x1a1c1e0a, 0x06121416, 0x2b021018, 0x001f0db0, 0x1c0400b3,
	0x00b32b04, 0x2b04140c, 0x100a4030, 0x16181a1e, 0x040c0612, 0x34012b02, 0x22232627, 0x14150607,
	0x32331617, 0x14273637, 0x22230607, 0x34352627, 0x32333637, 0x4d011617, 0x37392828, 0x2a282728,
	0x28283736, 0x1d1b1a35, 0x19181921, 0x19211e1b, 0x37510218, 0x2a292828, 0x272b3634, 0x20362828,
	0x1b191819, 0x1819211f, 0x02001b19, 0x00007b00, 0x5602c502, 0x0f000b00, 0x0eb06500, 0x0e40011f,
	0x0b0a0300, 0x05010903, 0x02000208, 0x402b0004, 0x0208050b, 0x01070000, 0x00060900, 0x000a402b,
	0x0f00010d, 0x0e0c0001, 0xb0312b00, 0x40001f0d, 0x0807000e, 0x0200030b, 0x0c030605, 0x2b000100,
	0x09000a40, 0x01040001, 0x00030a00, 0x0c00b12b, 0x0e0db742, 0x010f0702, 0x173f000c, 0x01302a3c,
	0x23352335, 0x33152315, 0x13353307, 0x02152135, 0xf463f3c5, 0xf36401f4, 0x5601b6fd, 0x60a0a060,
	0xaafea0a0, 0x01006060, 0x1d011200, 0xcb02b001, 0x56002900, 0x011f0eb0, 0x201f0d40, 0x0d040002,
	0x18000310, 0x2b000e00, 0x24160f40, 0x07012202, 0x041e1a08, 0x1c211800, 0xb0312b00, 0x40001f0d,
	0x02090809, 0x02070601, 0x173f0105, 0x0b402a3c, 0x13000000, 0x00031514, 0x2b001226, 0x20000a40,
	0x011f0001, 0x001e2100, 0x3401302b, 0x27272627, 0x33152323, 0x17161717, 0x06071417, 0x030f022b,
	0x15060706, 0x35211506, 0x37343521, 0x37323336, 0x3bb00136, 0x1430180f, 0x1620e2f8, 0x0d010313,
	0x1e1a3210, 0x1d1a1929, 0x03080e16, 0xcffe9c01, 0x4487110e, 0x56022425, 0x030a1b4a, 0x05024a03,
	0x140d1b07, 0x04010d0d, 0x1c0a0b07, 0x9312100e, 0x14261c4a, 0x00232412, 0x08000100, 0x88011d01,
	0x4e00cb02, 0x0eb06900, 0x1140011f, 0x4b040302, 0x0101054d, 0x45024743, 0x2e001801, 0x0a402b00,
	0x1600010e, 0x0c180001, 0x312b001e, 0x001f0db0, 0x221600b3, 0x00b32b04, 0x2b041a17, 0x010119b5,
	0x3f011800, 0x402a3c17, 0x022c2b0d, 0x27262501, 0x062a2928, 0x173f0224, 0x11402a3c, 0x02434000,
	0x3b3a3900, 0x3f3e3d3c, 0x38410007, 0x01302b00, 0x26022f35, 0x36272627, 0x34353637, 0x042f2627,
	0x27272326, 0x17173315, 0x07141516, 0x2b062306, 0x32331506, 0x06071415, 0x06072207, 0x072b0607,
	0x37323315, 0x37363732, 0x37363736, 0x01363736, 0x05010188, 0x14121005, 0x0a101120, 0x0e0e0d0b,
	0x150d1010, 0x21bff40b, 0x0b161617, 0x0b26060d, 0x1f18130f, 0x154c9c28, 0x01010404, 0x24060b04,
	0x17120e0b, 0xec31261e, 0x08010515, 0x101a0807, 0x03040729, 0x0a910101, 0x110d070b, 0x1708120f,
	0x191a1617, 0x09091d1b, 0x04030607, 0x034a0101, 0x1b200a08, 0x4a03080d, 0x020b2929, 0x02010102,
	0x02014a03, 0x09060101, 0x0f101915, 0x01000005, 0x4e02ac00, 0xd9029c01, 0x21000300, 0x011f0eb0,
	0x020000b3, 0xb0312b04, 0xb1001f0d, 0xb7420c00, 0x07020100, 0x09020103, 0x2a3c173f, 0x07230130,
	0x909c0133, 0xd9024460, 0x0100008b, 0x2bffe3ff, 0x15024202, 0x4d002100, 0x011f0eb0, 0x0f0c0d40,
	0x17041816, 0x00000001, 0x2b00120d, 0x1f0db031, 0x0100b700, 0x03111001, 0x173f0200, 0x00b12a3c,
	0x0ab5420c, 0x1a000701, 0x3c173f00, 0x0100b52a, 0x07120113, 0x2a3c173f, 0x022120b6, 0x001b0001,
	0x2a3c173f, 0x07230130, 0x07060706, 0x23060706, 0x34272726, 0x03233737, 0x031f1333, 0x32173316,
	0x07373637, 0x8c420233, 0x0809092d, 0x190d0909, 0x0109442d, 0x818c250f, 0x0b0b2b8a, 0x1d150f0e,
	0x1c1c1f05, 0x02820710, 0x212efc15, 0x0d0f121c, 0x1242061c, 0xfdd54c36, 0x0d000116, 0x0c0b0a0b,
	0x1f161301, 0x01000039, 0x00001400, 0xd302e001, 0x43001d00, 0x011f0eb0, 0x01000c40, 0x0d0c0901,
	0x00000003, 0x402b000b, 0x0119000a, 0x00011700, 0x2b001618, 0x1d000a40, 0x011b0001, 0x001a1c00,
	0x0db0312b, 0x0a40001f, 0x01020201, 0x031c1b18, 0x173f0017, 0x01302a3c, 0x020f2135, 0x07060706,
	0x051f1506, 0x11031f16, 0x11331133, 0xe0011133, 0x1426f3fe, 0x1b19240e, 0x05030f10, 0x150f090b,
	0x0f14151b, 0x4a4f4a20, 0x03379c02, 0x150b0404, 0x27212215, 0x0f1d181c, 0x06121313, 0xfe040305,
	0xfd9c0281, 0x009c0264, 0x97000100, 0xb601e300, 0x2a000302, 0x0eb02700, 0x0e40011f, 0x032a2928,
	0x14120101, 0x00000002, 0x312b0016, 0x001f0db0, 0x1f000940, 0x00000001, 0x2b000720, 0x34350130,
	0x26272627, 0x06072223, 0x07060707, 0x07060706, 0x15060706, 0x16021f14, 0x17171617, 0x36373233,
	0x36373637, 0xb601023f, 0x211f1a1a, 0x08252621, 0x0403020a, 0x0a0a0304, 0x18010206, 0x110c0d0e,
	0x12150c0c, 0x0e060c09, 0x0a271215, 0x65010608, 0x28282c0d, 0x05180b0a, 0x04030208, 0x150e0305,
	0x1a070d0e, 0x0e122624, 0x0206080c, 0x04010205, 0x191a0a08, 0x01001314, 0x24ff8b00, 0x06008801,
	0x32001a00, 0x011f0eb0, 0x01020a40, 0x00010d00, 0x000c0000, 0x100c402b, 0x01090215, 0x00011300,
	0x2b001208, 0x1f0db031, 0x0600b300, 0xb32b0417, 0x040f0a00, 0x3405302b, 0x26272627, 0x15233523,
	0x07153233, 0x022f2306, 0x16171615, 0x36373233, 0x0c0b8801, 0x36211e1d, 0x0a054013, 0x26282624,
	0x1b232032, 0x801a1b38, 0x0b13141e, 0x1b682d09, 0x08031010, 0x040e3c09, 0x00202005, 0x23000100,
	0x8b001d01, 0x0300cb02, 0x0eb02400, 0x0a40011f, 0x00010100, 0x00180103, 0x312b0002, 0x001f0db0,
	0x020300b7, 0x01010201, 0x3c173f01, 0x1113302a, 0x688b1123, 0xae011d01, 0x020052fe, 0x56011400,
	0xd502b601, 0x46002900, 0x0eb05300, 0x0f40011f, 0x00022802, 0x2e2d2c2b, 0x18000545, 0x2b002a00,
	0x3c3b1340, 0x013a033d, 0x16151411, 0x07191817, 0x13391800, 0x40312b00, 0x3f41430d, 0x31333537,
	0x39092f30, 0xb02b022a, 0xb5001f0d, 0x00010121, 0x173f0109, 0x00b32a3c, 0x2b044133, 0x27340130,
	0x26272726, 0x27232627, 0x06070727, 0x06070607, 0x1f151715, 0x16171607, 0x37373233, 0x37363736,
	0x060f2736, 0x27222306, 0x35262726, 0x36023f35, 0x32333637, 0x16171617, 0x100fb601, 0x1410201b,
	0x2b11090e, 0x1e28282c, 0x010f091f, 0x04040202, 0x130f0806, 0x2f262718, 0x1125282c, 0x0f121a0c,
	0x0401016c, 0x090d0b06, 0x1119181a, 0x02111120, 0x1b0a0603, 0x18151e1a, 0x020e0f19, 0x22222d17,
	0x06091818, 0x04030407, 0x1c1b0f09, 0x2117241f, 0x0e06100e, 0x14110a0a, 0x0d0c1815, 0x0c0a120d,
	0x2b232617, 0x140d0c0d, 0x11070c12, 0x1d1d0d06, 0x0f0c1b13, 0x0f121712, 0x1e1b0c0a, 0x19000200,
	0x48025a00, 0x0500b601, 0x33000b00, 0x011f0eb0, 0x00000940, 0x00000102, 0x2b000400, 0x00000940,
	0x00000108, 0x2b000a06, 0x1f0db031, 0x000e4000, 0x030a0504, 0x08070200, 0x010b0003, 0x01302b00,
	0x07172327, 0x23272733, 0x02330717, 0xab98a248, 0xa44294b1, 0x95b2ac97, 0xaeae0801, 0xaeaeaeae,
	0x040000ae, 0x00002200, 0xcd021f03, 0x0d000a00, 0x15001100, 0x0eb06a00, 0x0a40011f, 0x00010300,
	0x0200010d, 0x402b000b, 0x010f000a, 0x00011100, 0x2b00100e, 0x141200b3, 0xb4312b04, 0x0b0e010c,
	0x0db02b02, 0x0a40001f, 0x01020403, 0x03151409, 0x173f0008, 0x0a402a3c, 0x00010c00, 0x0b000107,
	0xb72b0006, 0x0102110e, 0x010f0110, 0x2a3c173f, 0x130100b5, 0x3f011201, 0xb12a3c17, 0x303f0008,
	0x11233525, 0x21150523, 0x27353315, 0x11053723, 0x23011123, 0x1f033301, 0xf7fe773f, 0x5d5d2301,
	0x02feb8b8, 0x4a880163, 0x484ce8fe, 0xfc030147, 0x4748484e, 0x910102ad, 0x93016ffe, 0x030033fd,
	0x00002200, 0xcd02ea02, 0x2c002800, 0x77003000, 0x011f0eb0, 0x1f1e0e40, 0x0b0a0002, 0x00040f0c,
	0x000d0018, 0x000a402b, 0x2c00012a, 0x2b290001, 0x00b32b00, 0x2b042f2d, 0x1f0db031, 0x000b4000,
	0x05000107, 0x08000206, 0x402b0004, 0x0000000c, 0x15141312, 0x11250004, 0x0a402b00, 0x0102201f,
	0x03302f1e, 0x173f001d, 0x29b72a3c, 0x2b01022c, 0x3f012a01, 0xb52a3c17, 0x012e0100, 0x173f012d,
	0x1db12a3c, 0x01303f00, 0x2b262734, 0x1f331502, 0x06071404, 0x27230723, 0x06030f23, 0x21150607,
	0x37352135, 0x32333637, 0x11253637, 0x23011123, 0xea023301, 0x10411639, 0x1825d8ec, 0x0e010309,
	0x0f19170d, 0x17211e14, 0x0b1f1117, 0xfe8a010c, 0x0e0904db, 0x22224385, 0x01639bfd, 0xe8fe4a88,
	0x4229014c, 0x02440d18, 0x0a0e0c0b, 0x010d0b15, 0x06020201, 0x18171007, 0x1e1d449e, 0x1f211116,
	0xfe910154, 0xfd93016f, 0x04000033, 0x00000800, 0xcd020704, 0x0d000a00, 0x38001100, 0x0eb09b00,
	0x0a40011f, 0x00010300, 0x0200010d, 0xb32b000b, 0x04100e00, 0x140f402b, 0x1d1c1615, 0x021a1305,
	0x12180000, 0x402b0027, 0x0000000b, 0x03302f22, 0x00212d00, 0x0cb4312b, 0x020b0e01, 0x1f0db02b,
	0x030a4000, 0x09010204, 0x08031110, 0x3c173f00, 0x000a402a, 0x0700010c, 0x060b0001, 0x00b52b00,
	0x0e010f01, 0x3c173f01, 0x0008b12a, 0x2322b63f, 0x21000102, 0x3c173f01, 0x0009402a, 0x0000012a,
	0x00292b00, 0x0009402b, 0x00000130, 0x002f3100, 0x0db4302b, 0x020e0601, 0x2335252b, 0x15052311,
	0x35331521, 0x03372327, 0x03330123, 0x26022f35, 0x26353627, 0x27263527, 0x33152126, 0x15161732,
	0x33152314, 0x21141532, 0x37323315, 0x37363736, 0x3e070436, 0x01f6fe77, 0xb85e5e23, 0xfe4ad9b8,
	0x01064ce9, 0x2a0e0302, 0x0c09013e, 0xf0fe2524, 0x131424b7, 0xfe4b94dd, 0x2434e2fc, 0x02050825,
	0x01474801, 0x484efc03, 0x01ad4748, 0x0133fd91, 0x080a0ba4, 0x29172408, 0x01220b33, 0x450f0f1f,
	0x25230c0b, 0x45313245, 0x0f141512, 0x0200050c, 0x00001c00, 0xcf029c02, 0x3f000300, 0x0eb07a00,
	0x0a40011f, 0x00010100, 0x00180103, 0x402b0002, 0x0105000a, 0x18012000, 0x2b001f04, 0x01261040,
	0x2f020e0d, 0x34333230, 0x0c180005, 0x312b002e, 0x001f0db0, 0x030100b5, 0x3f090001, 0xb52a3c17,
	0x01020100, 0x173f0101, 0x00b12a3c, 0x0b40420c, 0x07020605, 0x3f3e3d3c, 0x3f000404, 0x402a3c17,
	0x00000009, 0x240c0111, 0xb32b0010, 0x041f1200, 0x1e0cb32b, 0x302b0426, 0x15233501, 0x27213513,
	0x26272627, 0x34353527, 0x32171733, 0x083f3637, 0x07141523, 0x07222306, 0x07060706, 0x15060706,
	0x1f141517, 0x16171604, 0x033b1617, 0xb4a48c02, 0x1723a0fe, 0x030d0d1e, 0x6d333271, 0x0d092825,
	0x01050b0b, 0xa4010101, 0x0cb61e1e, 0x16171016, 0x18183219, 0x05060301, 0x1b170f0b, 0x241c191d,
	0x02160d0b, 0xfd7f7f50, 0x03027bb0, 0x220e1009, 0x01520406, 0x0a1e1901, 0x1b1c1514, 0x1810161b,
	0x15153b12, 0x04050102, 0x3131170d, 0x17090642, 0x1916110e, 0x0d111c1a, 0x03000505, 0x0000e9ff,
	0x9c03ea02, 0x0b000300, 0x58000e00, 0x011f0eb0, 0x020000b3, 0x00b32b04, 0x2b040704, 0x0e0cb631,
	0x0704030d, 0x0db02b02, 0x0a40001f, 0x00010300, 0x000c0102, 0xb72b0001, 0x08070100, 0x0004030b,
	0x2a3c173f, 0x060100b5, 0x3f010501, 0x402a3c17, 0x010d000a, 0x0c010a00, 0x2b00090c, 0x010eb430,
	0x2b020509, 0x17232701, 0x01230101, 0x17213733, 0x01132303, 0xac9160b6, 0xcdfe7901, 0xa0d2fea0,
	0x4239013e, 0x036ad773, 0xfc8b8b11, 0xfdcf02ef, 0x01acac31, 0x0013012b, 0xe9ff0300, 0xea020000,
	0x03009c03, 0x0e000b00, 0x0eb05800, 0x00b3011f, 0x2b040200, 0x070400b3, 0xb6312b04, 0x030d0e0c,
	0x2b020704, 0x001f0db0, 0x01000a40, 0x01030001, 0x0002000c, 0x0100b72b, 0x030b0807, 0x173f0004,
	0x00b52a3c, 0x05010601, 0x3c173f01, 0x000a402a, 0x0a00010d, 0x090c0c01, 0xb4302b00, 0x0509010e,
	0x23012b02, 0x01013307, 0x37330123, 0x23031721, 0x90090213, 0x8c014560, 0xfea0cdfe, 0x013ea0d2,
	0xd7734239, 0x8b9c036a, 0xcf02effc, 0xacac31fd, 0x13012b01, 0xe9ff0300, 0xea020000, 0x06009c03,
	0x11000e00, 0x0eb05a00, 0x00b3011f, 0x2b040300, 0x0a0700b3, 0xb6312b04, 0x0310110f, 0x2b020a07,
	0x001f0db0, 0x03000c40, 0x00030604, 0x000c0102, 0xb72b0001, 0x0b0a0100, 0x0007030e, 0x2a3c173f,
	0x090100b5, 0x3f010801, 0x402a3c17, 0x0110000a, 0x0c010d00, 0x2b000c0f, 0x0111b430, 0x2b02080c,
	0x07232701, 0x01173733, 0x33012301, 0x03172137, 0x02021323, 0x44607560, 0x2d015656, 0xfea0cdfe,
	0x013ea0d2, 0xd7734239, 0x8b11036a, 0xfc48488b, 0xfdcf02ef, 0x01acac31, 0x0013012b, 0xe9ff0300,
	0xea020000, 0x1d009603, 0x28002500, 0x0eb06900, 0x0940011f, 0x0000011c, 0x0b000000, 0x00b32b00,
	0x2b04211e, 0x2826b631, 0x211e0327, 0x0db02b02, 0x0940001f, 0x1c000000, 0x03160001, 0x09402b00,
	0x00010e00, 0x070f0000, 0x00b72b00, 0x25222101, 0x3f001e03, 0xb52a3c17, 0x01200100, 0x173f011f,
	0x0a402a3c, 0x00012700, 0x260c0124, 0x302b0023, 0x230128b4, 0x012b021f, 0x2f230623, 0x06072203,
	0x33363307, 0x16041f33, 0x36373233, 0x1336023f, 0x33012301, 0x03172137, 0x04021323, 0x171f0d31,
	0x201c2320, 0x310f1c1b, 0x0c17120d, 0x120f100f, 0x13141809, 0x080b0e12, 0xcdfee908, 0xa0d2fea0,
	0x4239013e, 0x036ad773, 0x09032596, 0x19190307, 0x0303223e, 0x04040304, 0x13140a09, 0x7efc1212,
	0x31fdcf02, 0x2b01acac, 0x04001301, 0x0000e9ff, 0x9603ea02, 0x07000300, 0x12000f00, 0x0eb07000,
	0x0a40011f, 0x00010100, 0x00180103, 0x402b0002, 0x0105000a, 0x18010700, 0x2b000604, 0x0b0800b3,
	0xb6312b04, 0x03111210, 0x2b020b08, 0x001f0db0, 0x00000e40, 0x00030703, 0x03060502, 0x0001040c,
	0x0100b72b, 0x030f0c0b, 0x173f0008, 0x00b52a3c, 0x09010a01, 0x3c173f01, 0x000a402a, 0x0e000111,
	0x0d100c01, 0xb4302b00, 0x090d0112, 0x35012b02, 0x35231523, 0x01011523, 0x37330123, 0x23031721,
	0x77fa0113, 0x15027737, 0xfea0cdfe, 0x013ea0d2, 0xd7734239, 0x7f17036a, 0xfc7f7f7f, 0xfdcf02e9,
	0x01acac31, 0x0013012b, 0xe9ff0400, 0xea020000, 0x1500c403, 0x2d002500, 0x7f003000, 0x011f0eb0,
	0x00000a40, 0x00022418, 0x00160000, 0x100d402b, 0x0a00021c, 0x00030d0c, 0x00081e00, 0x2600b32b,
	0x312b0429, 0x1a2022b6, 0x02161e03, 0x302eb62b, 0x2926032f, 0x0db02b02, 0x00b3001f, 0x2b042204,
	0x1a1200b3, 0x00b72b04, 0x2d2a2901, 0x3f002603, 0xb52a3c17, 0x01280100, 0x173f0127, 0x0a402a3c,
	0x00012f00, 0x2e0c012c, 0x302b002b, 0x021e16b5, 0x2b020412, 0x2b0130b4, 0x012b0227, 0x23262734,
	0x15060722, 0x1f141516, 0x16171602, 0x36373233, 0x06071427, 0x26272223, 0x36373635, 0x16173233,
	0x01230101, 0x17213733, 0x01132303, 0x2a2624d9, 0x0121202c, 0x110b0301, 0x2425191b, 0x0c462122,
	0x0e120d0f, 0x0d0d030e, 0x0d0f110c, 0xcdfe5701, 0xa0d2fea0, 0x4239013e, 0x036ad773, 0x23222d52,
	0x03292223, 0x0f030504, 0x10101b1b, 0x0f2c2122, 0x0e0f0c0e, 0x0b0c1310, 0xa0fc100f, 0x31fdcf02,
	0x2b01acac, 0x02001301, 0x0000ebff, 0xcf022304, 0x2d002900, 0x0eb07500, 0x1240011f, 0x0c0b0100,
	0x0805100f, 0x04161509, 0x0000010d, 0x312b000a, 0x2c2d2ab7, 0x001f042b, 0x0db02b02, 0x00b1001f,
	0x0940420c, 0x07020201, 0x0002201f, 0x3c173f00, 0x000a402a, 0x0b00010c, 0x0a0d0c01, 0x0fb12b00,
	0x09403f09, 0x11010114, 0x10031e1d, 0x3c173f01, 0x0000b12a, 0x000a403f, 0x2200012b, 0x212a0c01,
	0xb5302b00, 0x00022c2d, 0x212b0210, 0x27222335, 0x2f262726, 0x21352102, 0x23352134, 0x0706040f,
	0x07070607, 0x33012327, 0x17172137, 0x17161716, 0x13230116, 0xf8230433, 0x171f1e2e, 0x02060719,
	0x5efea201, 0x39f1a201, 0x14133525, 0x08101a27, 0xa4411b06, 0x3ea0d2fe, 0x1c1c3901, 0x2c21211c,
	0xe3effe2c, 0x067d1667, 0x221a1c07, 0xa87d2724, 0x0d04037d, 0x1d180907, 0x2f0a0814, 0xac31fdae,
	0x12222832, 0x01060612, 0x0013012b, 0x1b000200, 0x690224ff, 0x3b00cf02, 0x66005400, 0x011f0eb0,
	0x01001140, 0x2a031c1b, 0x32312d2b, 0x00012f05, 0x2b002c00, 0x3e3d0b40, 0x01470002, 0x463c0000,
	0x0c402b00, 0x43024f4a, 0x014d0001, 0x004c4200, 0x0db0312b, 0x00b1001f, 0x01b6420c, 0x00070202,
	0x173f0000, 0x1bb12a3c, 0x00b53f09, 0x1c011d01, 0x3c173f01, 0x4000b32a, 0xb32b0451, 0x04494400,
	0x3521302b, 0x26272223, 0x2f262727, 0x35273503, 0x033f3537, 0x37363736, 0x23352136, 0x0f06030f,
	0x060f0602, 0x17161714, 0x16171617, 0x16171617, 0x27171617, 0x35232627, 0x32331523, 0x23060715,
	0x1615022f, 0x32331617, 0x69023637, 0x1f1d2ef8, 0x05071217, 0x01050408, 0x07040101, 0x110c0609,
	0x3b01260f, 0x2a2727fa, 0x1b1e2d28, 0x0d010e14, 0x0206090b, 0x03010202, 0x100b0701, 0x341e1514,
	0x03ca3031, 0x37511807, 0x07054013, 0x26292626, 0x1b232032, 0x7d1a1b39, 0x19180906, 0x13190f0a,
	0x10141415, 0x211d0d0b, 0x0f172425, 0x7b200c14, 0x0c080302, 0x1b1d1e0f, 0x22200614, 0x2b282424,
	0x190b1a0e, 0x28232906, 0x281b1c1e, 0x157d0c0b, 0x682d2b16, 0x0310101b, 0x0e3c0908, 0x20200504,
	0x1b000200, 0x69020000, 0x03009c03, 0x71003300, 0x011f0eb0, 0x020000b3, 0x10402b04, 0x0e0d0500,
	0x22051413, 0x00032423, 0x00250400, 0x000b402b, 0x2a29010f, 0x0c180002, 0x312b0027, 0x001f0db0,
	0x03000a40, 0x01020001, 0x0001000c, 0x0c00b12b, 0x0605b642, 0x04000702, 0x3c173f00, 0x000a402a,
	0x0d00010e, 0x0c0f0c01, 0x00b52b00, 0x13011d01, 0x3c173f09, 0x0100b52a, 0x01140115, 0x2a3c173f,
	0x23270130, 0x23351317, 0x27262722, 0x35213526, 0x36373421, 0x0f233521, 0x020f0603, 0x14060f06,
	0x17171617, 0x17161716, 0x17161716, 0x60cd0116, 0xf8e0ac90, 0x1f1f1d2f, 0xfea20120, 0x012d2d5e,
	0x2727fa48, 0x1e2d282a, 0x010e141b, 0x06090b0d, 0x01020202, 0x0b070103, 0x1e151410, 0x03303134,
	0xfc8b8b11, 0x09067def, 0x7d5a2324, 0x7d2a2b53, 0x0c080302, 0x1b1d1e0f, 0x22200614, 0x2b282424,
	0x190b1a0e, 0x28232906, 0x281b1c1e, 0x02000c0b, 0x00001b00, 0x9c036902, 0x33000300, 0x0eb07100,
	0x00b3011f, 0x2b040200, 0x05001040, 0x14130e0d, 0x24232205, 0x04000003, 0x402b0025, 0x010f000b,
	0x00022a29, 0x00270c18, 0x0db0312b, 0x0a40001f, 0x00010100, 0x000c0103, 0xb12b0002, 0xb6420c00,
	0x07020605, 0x3f000400, 0x402a3c17, 0x010e000a, 0x0c010d00, 0x2b000c0f, 0x1d0100b5, 0x3f091301,
	0xb52a3c17, 0x01150100, 0x173f0114, 0x01302a3c, 0x13330723, 0x27222335, 0x35262726, 0x34213521,
	0x35213637, 0x06030f23, 0x0f06020f, 0x16171406, 0x17161717, 0x17161716, 0x02161716, 0x445f9121,
	0x1d2ff8f4, 0x01201f1f, 0x2d5efea2, 0xfa48012d, 0x282a2727, 0x141b1e2d, 0x0b0d010e, 0x02020609,
	0x01030102, 0x14100b07, 0x31341e15, 0x8b9c0330, 0x067deffc, 0x5a232409, 0x2a2b537d, 0x0803027d,
	0x1d1e0f0c, 0x2006141b, 0x28242422, 0x0b1a0e2b, 0x23290619, 0x1b1c1e28, 0x000c0b28, 0x1b000200,
	0x69020000, 0x06009c03, 0x73003600, 0x011f0eb0, 0x030000b3, 0x10402b04, 0x11100800, 0x25051716,
	0x00032726, 0x00280700, 0x000b402b, 0x2d2c0112, 0x0f180002, 0x312b002a, 0x001f0db0, 0x03000c40,
	0x00030604, 0x000c0102, 0xb12b0001, 0xb6420c00, 0x07020908, 0x3f000700, 0x402a3c17, 0x0111000a,
	0x0c011000, 0x2b000f12, 0x200100b5, 0x3f091601, 0xb52a3c17, 0x01180100, 0x173f0117, 0x01302a3c,
	0x33072327, 0x35131737, 0x26272223, 0x21352627, 0x37342135, 0x23352136, 0x0f06030f, 0x060f0602,
	0x17161714, 0x16171617, 0x16171617, 0x19021617, 0x445f7560, 0xf8945656, 0x1f1f1d2f, 0xfea20120,
	0x012d2d5e, 0x2727fa48, 0x1e2d282a, 0x010e141b, 0x06090b0d, 0x01020202, 0x0b070103, 0x1e151410,
	0x03303134, 0x488b8b11, 0x7deffc48, 0x23240906, 0x2b537d5a, 0x03027d2a, 0x1e0f0c08, 0x06141b1d,
	0x24242220, 0x1a0e2b28, 0x2906190b, 0x1c1e2823, 0x0c0b281b, 0x1b000300, 0x69020000, 0x03009603,
	0x37000700, 0x0eb08900, 0x0a40011f, 0x00010100, 0x00180103, 0x402b0002, 0x0105000a, 0x18010700,
	0x2b000604, 0x09001040, 0x18171211, 0x28272605, 0x08000003, 0x402b0029, 0x0113000b, 0x00022e2d,
	0x002b1018, 0x0db0312b, 0x0e40001f, 0x07030000, 0x05020003, 0x040c0306, 0xb12b0001, 0xb6420c00,
	0x07020a09, 0x3f000800, 0x402a3c17, 0x0112000a, 0x0c011100, 0x2b001013, 0x210100b5, 0x3f091701,
	0xb52a3c17, 0x01190100, 0x173f0118, 0x01302a3c, 0x23152335, 0x01152335, 0x27222335, 0x35262726,
	0x34213521, 0x35213637, 0x06030f23, 0x0f06020f, 0x16171406, 0x17161717, 0x17161716, 0x02161716,
	0x77377711, 0x2ff87d01, 0x201f1f1d, 0x5efea201, 0x48012d2d, 0x2a2727fa, 0x1b1e2d28, 0x0d010e14,
	0x0206090b, 0x03010202, 0x100b0701, 0x341e1514, 0x17033031, 0x7f7f7f7f, 0x067de9fc, 0x5a232409,
	0x2a2b537d, 0x0803027d, 0x1d1e0f0c, 0x2006141b, 0x28242422, 0x0b1a0e2b, 0x23290619, 0x1b1c1e28,
	0x000c0b28, 0xf8ff0200, 0xe8000000, 0x03009c03, 0x40000700, 0x011f0eb0, 0x020000b3, 0x0a402b04,
	0x00010500, 0x04180107, 0x312b0006, 0x001f0db0, 0x03000a40, 0x01020001, 0x0001000c, 0x0100b52b,
	0x00040107, 0x2a3c173f, 0x060100b5, 0x3f010501, 0x302a3c17, 0x17232713, 0x11231113, 0xac915fe8,
	0x11039e44, 0xeffc8b8b, 0x31fdcf02, 0x4a000200, 0x3c010000, 0x03009c03, 0x40000700, 0x011f0eb0,
	0x020000b3, 0x0a402b04, 0x00010500, 0x04180107, 0x312b0006, 0x001f0db0, 0x01000a40, 0x01030001,
	0x0002000c, 0x0100b52b, 0x00040107, 0x2a3c173f, 0x060100b5, 0x3f010501, 0x302a3c17, 0x33072301,
	0x11231113, 0x60903c01, 0x039e5745, 0xeffc8b9c, 0x31fdcf02, 0x00000200, 0x35010000, 0x06009c03,
	0x42000a00, 0x011f0eb0, 0x030000b3, 0x0a402b04, 0x00010800, 0x0718010a, 0x312b0009, 0x001f0db0,
	0x03000c40, 0x00030604, 0x000c0102, 0xb52b0001, 0x010a0100, 0x173f0007, 0x00b52a3c, 0x08010901,
	0x3c173f01, 0x2701302a, 0x37330723, 0x23110317, 0x60350111, 0x56446075, 0x039e0856, 0x488b8b11,
	0x02effc48, 0x0031fdcf, 0x08000300, 0x2d010000, 0x03009603, 0x0b000700, 0x0eb05800, 0x0a40011f,
	0x00010100, 0x00180103, 0x402b0002, 0x0105000a, 0x18010700, 0x2b000604, 0x09000a40, 0x010b0001,
	0x000a0818, 0x0db0312b, 0x0e40001f, 0x07030000, 0x05020003, 0x040c0306, 0xb52b0001, 0x010b0100,
	0x173f0008, 0x00b52a3c, 0x09010a01, 0x3c173f01, 0x3501302a, 0x35231523, 0x11131523, 0x2d011123,
	0xe0773777, 0x7f17039e, 0xfc7f7f7f, 0xfdcf02e9, 0x02000031, 0x00000a00, 0xcf02ee02, 0x3d001f00,
	0x0eb09f00, 0x1440011f, 0x05040302, 0x071f1e06, 0x38220101, 0x00043c3a, 0x00200018, 0x000e402b,
	0x03302f2c, 0x13120f00, 0x0e2b1803, 0x0a402b00, 0x00000120, 0x3c000111, 0x312b0010, 0x34361040,
	0x2e313233, 0x28292a2d, 0x2b0c2426, 0xb02b0220, 0xb1001f0d, 0xb13f010e, 0x40420c00, 0x2b2a2909,
	0x01140703, 0x173f0013, 0x0c402a3c, 0x00012e00, 0x032d2c00, 0x00122f00, 0x0100b52b, 0x09300131,
	0x2a3c173f, 0x2426b630, 0x2f130322, 0x09402b02, 0x36383a3c, 0x30120534, 0x20b42b02, 0x022f1201,
	0x2735012b, 0x26042f35, 0x26272627, 0x15231121, 0x32211133, 0x36373637, 0x36373637, 0x14273737,
	0x06070607, 0x020f0607, 0x35333523, 0x1f333523, 0x16171602, 0x16151617, 0xee021617, 0x05020101,
	0x24170e0b, 0xfe3a3b29, 0x0148485f, 0x34314f4e, 0x1112172b, 0x08091809, 0x1a0b0a9d, 0x07100b10,
	0xa8cf1420, 0x132bb2a8, 0x1d181a17, 0x01030306, 0x1b450101, 0x20110a12, 0x392c2924, 0x12132a21,
	0xfe4cc3fe, 0x240e0dba, 0x12141514, 0x4c31302b, 0x2034313d, 0x01090610, 0x4cc90106, 0x050302c0,
	0x351d1b08, 0x07150310, 0x0200000b, 0x00004a00, 0x9603c102, 0x25001b00, 0x0eb06400, 0x0b40011f,
	0x031e0019, 0x00000000, 0x2b00091b, 0x1d000b40, 0x02001b01, 0x1e1c1800, 0x00b32b00, 0x2b04241f,
	0x00000940, 0x18012200, 0x2b002123, 0x1f0db031, 0x00094000, 0x01190000, 0x00031100, 0x0700b32b,
	0xb72b040c, 0x23220100, 0x001c0325, 0x2a3c173f, 0x1e0100b7, 0x1d032120, 0x3c173f01, 0x2301302a,
	0x032f2306, 0x36330722, 0x16021f33, 0x023f3233, 0x36023f36, 0x23111335, 0x11230113, 0x02010333,
	0x1f0d3121, 0x1c222117, 0x0d311b4b, 0x200f2313, 0x0910131b, 0x0e0c090e, 0xa407090a, 0xdbfe0698,
	0x01069bc0, 0x25960334, 0x02080903, 0x04032270, 0x05030707, 0x13150504, 0xfc080a13, 0xfdcf027e,
	0xfd0602fa, 0xfd1f0231, 0x030000e1, 0xf1ff1c00, 0x9c03eb02, 0x39000300, 0x8b005b00, 0x011f0eb0,
	0x12101140, 0x51503f33, 0x2e2d0006, 0x00000345, 0x2b000200, 0x2c190d40, 0x26000349, 0x18012401,
	0x2b002347, 0x3a104031, 0x57595a5b, 0x52535556, 0x0c3b3c3d, 0x2b020423, 0x4e4f0c40, 0x434b4c4d,
	0x00084041, 0xb02b0202, 0x40001f0d, 0x0103000a, 0x0c010200, 0x2b000100, 0x420c00b1, 0x070141b6,
	0x00310132, 0x2a3c173f, 0x3a1b4030, 0x57595a5b, 0x52535556, 0x4e4f5051, 0x494b4c4d, 0x3d434547,
	0x31173b3c, 0x012b0201, 0x01172327, 0x26273435, 0x032f2627, 0x23262326, 0x020f2227, 0x07060706,
	0x07060706, 0x15060706, 0x021f1415, 0x33071f16, 0x37363737, 0x27363736, 0x0f06020f, 0x26272202,
	0x34352627, 0x033f3637, 0x1f16041f, 0x021f1602, 0x9060cf01, 0x186001ac, 0x1d163118, 0x10391319,
	0x410f0809, 0x22271725, 0x25211f28, 0x0a070909, 0x0f150b10, 0x1b121112, 0x122b1a1b, 0x0d344015,
	0x344a4545, 0xa5161634, 0x18060503, 0x2b272453, 0x13143938, 0x174b230c, 0x1c26260d, 0x1615180e,
	0x04040b0a, 0x03020809, 0xfe8b8b11, 0x5151064f, 0x0f182e51, 0x060f080d, 0x05030302, 0x12100b08,
	0x0b0b0825, 0x49271e12, 0x3954084e, 0x19212734, 0x05161016, 0x04030c04, 0x3131150c, 0x385b484a,
	0x1e65191a, 0x15160308, 0x3d3f484a, 0x071a692e, 0x06030301, 0x130f0b05, 0x06081615, 0x00282929,
	0x1c000300, 0xeb02f1ff, 0x03009c03, 0x5b003900, 0x0eb08e00, 0x0e40011f, 0x5756550d, 0x4b300004,
	0x00000002, 0x402b0002, 0x492c190d, 0x01260003, 0x47180124, 0x312b0023, 0x5b3a0b40, 0x3c3d595a,
	0x0423073b, 0x0f402b02, 0x50515253, 0x4c4d4e4f, 0x0b3f4041, 0x2b020200, 0x024345b5, 0x2b020247,
	0x001f0db0, 0x01000a40, 0x01030001, 0x0002000c, 0x0c00b12b, 0x0141b642, 0x31013207, 0x3c173f00,
	0x1b40302a, 0x595a5b3a, 0x53555657, 0x4f505152, 0x4b4c4d4e, 0x43454749, 0x173b3c3d, 0x2b020031,
	0x33072301, 0x27343501, 0x2f262726, 0x26232603, 0x0f222723, 0x06070602, 0x06070607, 0x06070607,
	0x1f141515, 0x071f1602, 0x36373733, 0x36373637, 0x06020f27, 0x2722020f, 0x35262726, 0x3f363734,
	0x16041f03, 0x1f16021f, 0x91230202, 0x7401445f, 0x16311818, 0x3913191d, 0x0f080910, 0x27172541,
	0x211f2822, 0x07090925, 0x150b100a, 0x1211120f, 0x2b1a1b1b, 0x34401512, 0x4a45450d, 0x16163434,
	0x060503a5, 0x27245318, 0x1439382b, 0x4b230c13, 0x26260d17, 0x15180e1c, 0x040b0a16, 0x02080904,
	0xfe8b9c03, 0x5151064f, 0x0f182e51, 0x060f080d, 0x05030302, 0x12100b08, 0x0b0b0825, 0x49271e12,
	0x3954084e, 0x19212734, 0x05161016, 0x04030c04, 0x3131150c, 0x385b484a, 0x1e65191a, 0x15160308,
	0x3d3f484a, 0x071a692e, 0x06030301, 0x130f0b05, 0x06081615, 0x00282929, 0x1c000300, 0xeb02f1ff,
	0x06009c03, 0x5e003c00, 0x0eb09100, 0x0c40011f, 0x00025837, 0x00023130, 0x00030000, 0x1c0d402b,
	0x00034c2f, 0x01270129, 0x00264a18, 0x0d40312b, 0x5c5d5e3d, 0x3f40595a, 0x0726093e, 0x11402b02,
	0x53545556, 0x4f505152, 0x4344464e, 0x03000d42, 0x48b42b02, 0x02034a01, 0x1f0db02b, 0x000c4000,
	0x03060403, 0x0c010200, 0x2b000100, 0x420c00b1, 0x070144b6, 0x00340135, 0x2a3c173f, 0x3d1b4030,
	0x5a5c5d5e, 0x55565859, 0x51525354, 0x4c4e4f50, 0x4046484a, 0x34173e3f, 0x012b0201, 0x33072327,
	0x35011737, 0x27262734, 0x26032f26, 0x27232623, 0x06020f22, 0x06070607, 0x06070607, 0x15150607,
	0x16021f14, 0x3733071f, 0x36373637, 0x0f273637, 0x020f0602, 0x27262722, 0x37343526, 0x1f033f36,
	0x021f1604, 0x02021f16, 0x6075601b, 0x01565645, 0x31181814, 0x13191d16, 0x08091039, 0x1725410f,
	0x1f282227, 0x09092521, 0x0b100a07, 0x11120f15, 0x1a1b1b12, 0x4015122b, 0x45450d34, 0x1634344a,
	0x0503a516, 0x24531806, 0x39382b27, 0x230c1314, 0x260d174b, 0x180e1c26, 0x0b0a1615, 0x08090404,
	0x8b110302, 0xfe48488b, 0x5151064f, 0x0f182e51, 0x060f080d, 0x05030302, 0x12100b08, 0x0b0b0825,
	0x49271e12, 0x3954084e, 0x19212734, 0x05161016, 0x04030c04, 0x3131150c, 0x385b484a, 0x1e65191a,
	0x15160308, 0x3d3f484a, 0x071a692e, 0x06030301, 0x130f0b05, 0x06081615, 0x00282929, 0x1c000300,
	0xeb02f1ff, 0x17009603, 0x6f004d00, 0x0eb09500, 0x0e40011f, 0x6a692116, 0x42410004, 0x00000002,
	0x402b0009, 0x5d402d0d, 0x013a0003, 0x5b180138, 0x312b0037, 0x6f4e0c40, 0x516b6d6e, 0x37084f50,
	0x402b0218, 0x65666711, 0x61626364, 0x55575f60, 0x000d5354, 0xb42b0209, 0x095b0159, 0x0db02b02,
	0x0940001f, 0x00010900, 0x030a0c00, 0x00b32b00, 0x2b040c07, 0x420c00b1, 0x070155b6, 0x00450146,
	0x2a3c173f, 0x4e1b4030, 0x6b6d6e6f, 0x6667696a, 0x62636465, 0x5d5f6061, 0x5157595b, 0x45174f50,
	0x012b0207, 0x2f230623, 0x33072203, 0x021f3336, 0x37371733, 0x36373736, 0x27343513, 0x2f262726,
	0x26232603, 0x0f222723, 0x06070602, 0x06070607, 0x06070607, 0x1f141515, 0x071f1602, 0x36373733,
	0x36373637, 0x06020f27, 0x2722020f, 0x35262726, 0x3f363734, 0x16041f03, 0x1f16021f, 0x311d0202,
	0x21171f0d, 0x1b4a1c22, 0x171f0d30, 0x0a092a22, 0x0c131614, 0x18d10812, 0x1d163118, 0x10391319,
	0x410f0809, 0x22271725, 0x25211f28, 0x0a070909, 0x0f150b10, 0x1b121112, 0x122b1a1b, 0x0d344015,
	0x344a4545, 0xa5161634, 0x18060503, 0x2b272453, 0x13143938, 0x174b230c, 0x1c26260d, 0x1615180e,
	0x04040b0a, 0x03020809, 0x09032596, 0x22700208, 0x01090803, 0x140a0802, 0xdefd1224, 0x51515106,
	0x0d0f182e, 0x02060f08, 0x08050303, 0x2512100b, 0x120b0b08, 0x4e49271e, 0x34395408, 0x16192127,
	0x04051610, 0x0c04030c, 0x4a313115, 0x1a385b48, 0x081e6519, 0x4a151603, 0x2e3d3f48, 0x01071a69,
	0x05060303, 0x15130f0b, 0x29060816, 0x04002829, 0xf1ff1c00, 0x9603eb02, 0x07000300, 0x5f003d00,
	0x0eb0ae00, 0x0e40011f, 0x01025938, 0x02534401, 0x00180103, 0x402b0002, 0x0501510d, 0x02321b01,
	0x04180107, 0x402b0006, 0x4d301d0d, 0x012a0003, 0x4b180128, 0x312b0027, 0x5f3e0d40, 0x5a5b5d5e,
	0x093f4041, 0x2b020827, 0x56570940, 0x05435455, 0x2b020200, 0x024552b5, 0x2b020204, 0x474f50b6,
	0x02060403, 0x0149b42b, 0x2b02064b, 0x001f0db0, 0x00000e40, 0x00030703, 0x03060502, 0x0001040c,
	0x0c00b12b, 0x0145b642, 0x35013607, 0x3c173f00, 0x1b40302a, 0x5d5e5f3e, 0x57595a5b, 0x53545556,
	0x4f505152, 0x47494b4d, 0x173f4041, 0x2b020135, 0x15233501, 0x15233523, 0x27343501, 0x2f262726,
	0x26232603, 0x0f222723, 0x06070602, 0x06070607, 0x06070607, 0x1f141515, 0x071f1602, 0x36373733,
	0x36373637, 0x06020f27, 0x2722020f, 0x35262726, 0x3f363734, 0x16041f03, 0x1f16021f, 0x77130202,
	0xfd017737, 0x16311818, 0x3913191d, 0x0f080910, 0x27172541, 0x211f2822, 0x07090925, 0x150b100a,
	0x1211120f, 0x2b1a1b1b, 0x34401512, 0x4a45450d, 0x16163434, 0x060503a5, 0x27245318, 0x1439382b,
	0x4b230c13, 0x26260d17, 0x15180e1c, 0x040b0a16, 0x02080904, 0x7f7f1703, 0x49fe7f7f, 0x51515106,
	0x0d0f182e, 0x02060f08, 0x08050303, 0x2512100b, 0x120b0b08, 0x4e49271e, 0x34395408, 0x16192127,
	0x04051610, 0x0c04030c, 0x4a313115, 0x1a385b48, 0x081e6519, 0x4a151603, 0x2e3d3f48, 0x01071a69,
	0x05060303, 0x15130f0b, 0x29060816, 0x01002829, 0x3500aa00, 0x21029702, 0x1d000b00, 0x011f0eb0,
	0x01020a40, 0x00010800, 0x00060000, 0x0db0312b, 0x00b3001f, 0x2b040b05, 0x37272530, 0x07270727,
	0x37170717, 0xb1970217, 0xb0aa46ab, 0x46adb047, 0xb17bb0ad, 0xb0ac46ab, 0x45adaf47, 0x0300b0ac,
	0xf2ff1700, 0xdc02e902, 0x54003e00, 0x95006300, 0x011f0eb0, 0x07020f40, 0x00043d3b, 0x03625609,
	0x55001800, 0x10402b00, 0x46454315, 0x0149054b, 0x00022822, 0x00204818, 0x1540312b, 0x5e5f6061,
	0x3f585a5c, 0x51525354, 0x424d4f50, 0x55481140, 0x0db02b02, 0x07b7001f, 0x01030e08, 0x3f002e00,
	0x402a3c17, 0x01500009, 0x4f0c0000, 0xb52b0010, 0x01290100, 0x173f0028, 0x00b12a3c, 0x5ab6420c,
	0x01310701, 0x173f0030, 0x40302a3c, 0x61625517, 0x585e5f60, 0x4d543f56, 0x4648494b, 0x40424345,
	0x02103013, 0x2734012b, 0x27262726, 0x2f072337, 0x07060706, 0x06070706, 0x06310607, 0x06070607,
	0x16171415, 0x3307031f, 0x16171637, 0x33171733, 0x37363732, 0x37363736, 0x37363736, 0x26010336,
	0x27262727, 0x35352627, 0x37363734, 0x051f3336, 0x06070607, 0x26272223, 0x021f0127, 0x06e90216,
	0x28180c05, 0x1f255f4a, 0x271b1712, 0x29433025, 0x1b211f1e, 0x150f0603, 0x1a0c1313, 0x130e0c0a,
	0x60510b0b, 0x1d1a2929, 0x2e281d16, 0x103a38a6, 0x03010e11, 0x04050205, 0xcffee905, 0x02020504,
	0x0d070303, 0x35351a0d, 0x14121142, 0x11026d19, 0x37353d3d, 0x01182421, 0x0c080735, 0x2b6d0106,
	0x4d282327, 0x0f295828, 0x06080607, 0x05050103, 0x120f0a09, 0x140d0403, 0x4f281e1f, 0x382f4c47,
	0x0e122725, 0x0a193164, 0x3405030c, 0x2c182034, 0x09100e02, 0x01262214, 0x0b89fe07, 0x14060713,
	0x124c270d, 0x1e22212b, 0x0401013b, 0x2dee0905, 0x0d272590, 0x7a01180c, 0x21321810, 0x48000200,
	0xb702f9ff, 0x03009c03, 0x74002f00, 0x011f0eb0, 0x00000b40, 0x03181716, 0x02000000, 0x0b402b00,
	0x09070000, 0x18010602, 0x2b000504, 0x2d2c0c40, 0x1a00032e, 0x2f000001, 0x402b0019, 0x00011911,
	0x2221201f, 0x1d1c0523, 0x1a18031e, 0x312b001b, 0x001f0db0, 0x03000a40, 0x01020001, 0x0001000c,
	0x0100b72b, 0x031b1a05, 0x173f0104, 0x00b12a3c, 0x0fb7420c, 0x28070210, 0x3f002701, 0x302a3c17,
	0x17232701, 0x07112305, 0x07060706, 0x23060706, 0x26032f23, 0x2303032f, 0x17151511, 0x16021f15,
	0x33331617, 0x3f363732, 0x60cf0103, 0x2c01ac90, 0x06040496, 0x1612230d, 0x2f160b19, 0x0f161c21,
	0x01020508, 0x03029701, 0x2e090405, 0xc606c12c, 0x02083032, 0x11030103, 0xfe428b8b, 0x12193c50,
	0x040b1425, 0x0e080305, 0x1c1c1413, 0xc1011615, 0x19164cfe, 0x141a140c, 0x3c3f1812, 0x152d4244,
	0x0200221d, 0xf9ff4800, 0x9c03b702, 0x2f000300, 0x0eb06c00, 0x00b3011f, 0x2b040200, 0x00000b40,
	0x06020907, 0x05041801, 0x0c402b00, 0x032e2d2c, 0x00011a00, 0x00192f00, 0x1911402b, 0x201f0001,
	0x05232221, 0x031e1d1c, 0x001b1a18, 0x0db0312b, 0x0a40001f, 0x00010100, 0x000c0103, 0xb72b0002,
	0x1a050100, 0x0104031b, 0x2a3c173f, 0x420c00b1, 0x02100fb7, 0x27012807, 0x3c173f00, 0x2301302a,
	0x23053307, 0x07060711, 0x07060706, 0x2f232306, 0x032f2603, 0x15112303, 0x1f151715, 0x16171602,
	0x37323333, 0x02033f36, 0x445f9123, 0x04964001, 0x230d0604, 0x0b191612, 0x1c212f16, 0x05080f16,
	0x97010102, 0x04050302, 0xc12c2e09, 0x3032c606, 0x01030208, 0x428b9c03, 0x193c50fe, 0x0b142512,
	0x08030504, 0x1c14130e, 0x0116151c, 0x164cfec1, 0x1a140c19, 0x3f181214, 0x2d42443c, 0x00221d15,
	0x48000200, 0xb702f9ff, 0x06009c03, 0x7b003200, 0x011f0eb0, 0x09080f40, 0x00040c0a, 0x031b1a19,
	0x03000000, 0x0c402b00, 0x0a000000, 0x0109030c, 0x00080718, 0x2f0c402b, 0x00033130, 0x0000011d,
	0x2b001c32, 0x011c1140, 0x24232200, 0x1f052625, 0x18032120, 0x2b001e1d, 0x1f0db031, 0x000c4000,
	0x03060403, 0x0c010200, 0x2b000100, 0x080100b7, 0x07031e1d, 0x3c173f01, 0x0c00b12a, 0x1312b742,
	0x012b0702, 0x173f002a, 0x01302a3c, 0x33072327, 0x23171737, 0x07060711, 0x07060706, 0x2f232306,
	0x032f2603, 0x15112303, 0x1f151715, 0x16171602, 0x37323333, 0x02033f36, 0x6075601b, 0xe0565645,
	0x06040496, 0x1612230d, 0x2f160b19, 0x0f161c21, 0x01020508, 0x03029701, 0x2e090405, 0xc606c12c,
	0x02083032, 0x11030103, 0x48488b8b, 0x3c50fe42, 0x14251219, 0x0305040b, 0x14130e08, 0x16151c1c,
	0x4cfec101, 0x140c1916, 0x1812141a, 0x42443c3f, 0x221d152d, 0x48000300, 0xb702f9ff, 0x03009603,
	0x33000700, 0x0eb08e00, 0x0f40011f, 0x030b0a09, 0x13020d01, 0x18010301, 0x2b000200, 0x05000d40,
	0x1c1b1a01, 0x18010703, 0x2b000604, 0x00000d40, 0x0d0b0100, 0x18010a04, 0x2b000908, 0x31300c40,
	0x1e000332, 0x33000001, 0x402b001d, 0x00011d11, 0x26252423, 0x21200527, 0x1e180322, 0x312b001f,
	0x001f0db0, 0x00000e40, 0x00030703, 0x03060502, 0x0001040c, 0x0100b72b, 0x031f1e09, 0x173f0108,
	0x00b12a3c, 0x13b7420c, 0x2c070214, 0x3f002b01, 0x302a3c17, 0x15233501, 0x15233523, 0x07112305,
	0x07060706, 0x23060706, 0x26032f23, 0x2303032f, 0x17151511, 0x16021f15, 0x33331617, 0x3f363732,
	0x77130203, 0xc9017737, 0x06040496, 0x1612230d, 0x2f160b19, 0x0f161c21, 0x01020508, 0x03029701,
	0x2e090405, 0xc606c12c, 0x02083032, 0x17030103, 0x7f7f7f7f, 0x3c50fe48, 0x14251219, 0x0305040b,
	0x14130e08, 0x16151c1c, 0x4cfec101, 0x140c1916, 0x1812141a, 0x42443c3f, 0x221d152d, 0xd9ff0200,
	0x94020000, 0x03009c03, 0x48000c00, 0x011f0eb0, 0x01050940, 0x00000000, 0x2b000200, 0x0c000a40,
	0x010a0001, 0x00090b18, 0x0db0312b, 0x0a40001f, 0x00010100, 0x000c0103, 0xb72b0002, 0x07050100,
	0x01040308, 0x2a3c173f, 0x0b0100b5, 0x3f000a01, 0x302a3c17, 0x33072301, 0x03032305, 0x33110123,
	0x91d90111, 0x67014560, 0xa8b2b3ae, 0x03990f01, 0xfe428b9c, 0xfe1401ec, 0x01c4fe6d, 0x0200003c,
	0x00004a00, 0xcf02c902, 0x31002500, 0x0eb08200, 0x1040011f, 0x04030201, 0x00062523, 0x00021a0d,
	0x00260018, 0x000e402b, 0x28151411, 0x13000529, 0x12101801, 0x40312b00, 0x2e2f300b, 0x2a2b2c2d,
	0x02261007, 0x1f0db02b, 0x000d4000, 0x032c2a29, 0x02100f00, 0x000e2b0c, 0x0100b52b, 0x01110112,
	0x2a3c173f, 0x420c00b1, 0x021817b7, 0x13011407, 0x3c173f00, 0x0009402a, 0x01160000, 0x0015280c,
	0x30b4302b, 0x020e1501, 0x0126b42b, 0x2b021113, 0x26042f01, 0x26272627, 0x022f2627, 0x11233523,
	0x3f333533, 0x36373606, 0x36373637, 0x21142735, 0x1f333335, 0xc9021604, 0x03040301, 0x10160805,
	0x2210100a, 0xb14e322d, 0x55b79797, 0x1f0c130e, 0x1211231f, 0x030b0710, 0xc0fea705, 0x191608af,
	0x17181516, 0x14107301, 0x16100917, 0x0d07131c, 0x04081007, 0x31fd8b01, 0x010103a0, 0x130d0703,
	0x1313130b, 0x0a141515, 0x01a45218, 0x0f070302, 0x01000011, 0x00000800, 0xcf027d02, 0x84005500,
	0x011f0eb0, 0x54030c40, 0x4a010102, 0x00180001, 0x402b0049, 0x0001130d, 0x46353118, 0x11180004,
	0x402b0033, 0x2b2a000e, 0x25012202, 0x18032928, 0x2b00241b, 0x413c0c40, 0x40014d02, 0x4c000001,
	0x312b003e, 0x001f0db0, 0x420c00b1, 0x2e2d0940, 0x1b07032f, 0x3f011a01, 0xb12a3c17, 0xb13f011a,
	0xb7420c00, 0x07022827, 0x02250126, 0x2a3c173f, 0x420c00b1, 0x014c0940, 0x4e4d2a07, 0x3f002903,
	0x302a3c17, 0x27343525, 0x2f262726, 0x033f3403, 0x27343536, 0x2f262726, 0x020f2303, 0x07060706,
	0x23151506, 0x33113315, 0x33333411, 0x16173217, 0x070f1415, 0x1f141506, 0x07151607, 0x33152306,
	0x37363737, 0x02363736, 0x18080a7d, 0x0e613119, 0x186d1206, 0x0f0f0d0f, 0x181c1a1a, 0x2fa60f10,
	0x0b21120f, 0x6303030f, 0x04659163, 0x0f112020, 0x130d0c09, 0x32161109, 0x170f0619, 0x16341d1e,
	0x0d011a17, 0x1d26b7bc, 0x08111420, 0x130bb809, 0x18181618, 0x06082912, 0x14410906, 0x25271918,
	0x1411221e, 0x02010603, 0x0c050204, 0x19191811, 0xfe671e30, 0x32380258, 0x1b0d0b03, 0x0908061c,
	0x0e0b040c, 0x22231021, 0x11131612, 0x0b0a150e, 0x2b0f290e, 0x100a046d, 0x20201517, 0x23000300,
	0x3b020000, 0x0300d902, 0x30002200, 0x0eb09100, 0x00b3011f, 0x2b040200, 0x01070c40, 0x23000105,
	0x04180230, 0x402b0015, 0x0001280a, 0x18011f00, 0x2b001e2a, 0x2c2eb731, 0x1e042426, 0xb02b0204,
	0xb1001f0d, 0xb7420c00, 0x07020201, 0x09000103, 0x2a3c173f, 0x420c00b1, 0x070123b5, 0x3f000400,
	0xb12a3c17, 0xb5420c00, 0x0007010e, 0x173f020d, 0x09402a3c, 0x00012400, 0x0f230000, 0x0cb32b00,
	0x2b043015, 0x2e160cb3, 0x04b12b04, 0xb6303f00, 0x03282a2c, 0x2b020f23, 0x040123b4, 0x012b0216,
	0x13172327, 0x26273411, 0x26272627, 0x1f331521, 0x23151603, 0x07060707, 0x07060706, 0x16171415,
	0x27222325, 0x35262726, 0x33363734, 0x81013336, 0xffab9060, 0x28140c09, 0xaffe2a29, 0x181f26e9,
	0x2ab80f13, 0x1e1e2429, 0x2c05100b, 0xae33012c, 0x07130f18, 0x0e0d1809, 0x4e02b411, 0xb2fd8b8b,
	0x222e4a01, 0x0a2c1422, 0x05026d09, 0x2a15110b, 0x11090403, 0x2b1f1a11, 0x29294a0e, 0x0d060369,
	0x091d1b0c, 0x03000308, 0x00002300, 0xd9023b02, 0x22000300, 0x91003000, 0x011f0eb0, 0x020000b3,
	0x0c402b04, 0x01050107, 0x02302300, 0x00150418, 0x280a402b, 0x1f000001, 0x1e2a1801, 0xb7312b00,
	0x24262c2e, 0x02041e04, 0x1f0db02b, 0x0c00b100, 0x0100b742, 0x01030702, 0x173f0902, 0x00b12a3c,
	0x23b5420c, 0x04000701, 0x3c173f00, 0x0c00b12a, 0x010eb542, 0x020d0007, 0x2a3c173f, 0x24000940,
	0x00000001, 0x2b000f23, 0x30150cb3, 0x0cb32b04, 0x2b042e16, 0x3f0004b1, 0x2a2cb630, 0x0f230328,
	0x23b42b02, 0x02160401, 0x0723012b, 0x34110133, 0x26272627, 0x15212627, 0x16031f33, 0x07072315,
	0x07060706, 0x14150706, 0x23251617, 0x27262722, 0x37343526, 0x33363336, 0x5f91d501, 0x09120144,
	0x2928140c, 0xe9affe2a, 0x13181f26, 0x292ab80f, 0x0b1e1e24, 0x2c2c0510, 0x18ae3301, 0x0907130f,
	0x110e0d18, 0x8bd902b4, 0x4a01b2fd, 0x1422222e, 0x6d090a2c, 0x110b0502, 0x04032a15, 0x1a111109,
	0x4a0e2b1f, 0x03692929, 0x1b0c0d06, 0x0308091d, 0x23000300, 0x3b020000, 0x0600d902, 0x33002500,
	0x0eb09400, 0x00b3011f, 0x2b040300, 0x010a0c40, 0x26000108, 0x07180233, 0x402b0018, 0x00012b0a,
	0x18012200, 0x2b00212d, 0x2f31b731, 0x21042729, 0xb02b0207, 0xb1001f0d, 0x40420c00, 0x0202010a,
	0x06040307, 0x3f090003, 0xb12a3c17, 0xb5420c00, 0x00070126, 0x173f0007, 0x00b12a3c, 0x11b5420c,
	0x10000701, 0x3c173f02, 0x0009402a, 0x00000127, 0x00122600, 0x180cb32b, 0xb32b0433, 0x0431190c,
	0x0007b12b, 0x2fb6303f, 0x26032b2d, 0xb42b0212, 0x19070126, 0x27012b02, 0x37330723, 0x34111317,
	0x26272627, 0x15212627, 0x16031f33, 0x07072315, 0x07060706, 0x14150706, 0x23251617, 0x27262722,
	0x37343526, 0x33363336, 0x7560cd01, 0x56564560, 0x140c09b2, 0xfe2a2928, 0x1f26e9af, 0xb80f1318,
	0x1e24292a, 0x05100b1e, 0x33012c2c, 0x130f18ae, 0x0d180907, 0x02b4110e, 0x488b8b4e, 0x01b2fd48,
	0x22222e4a, 0x090a2c14, 0x0b05026d, 0x032a1511, 0x11110904, 0x0e2b1f1a, 0x6929294a, 0x0c0d0603,
	0x08091d1b, 0x03000003, 0x00002300, 0xd3023b02, 0x34001500, 0x9d004200, 0x011f0eb0, 0x090000b3,
	0x0c402b04, 0x01170119, 0x02423500, 0x00271618, 0x3a0a402b, 0x31000001, 0x303c1801, 0xb7312b00,
	0x36383e40, 0x02163004, 0x1f0db02b, 0x0103b500, 0x09120001, 0x2a3c173f, 0x0c0700b3, 0x10b62b04,
	0x010a0101, 0x173f0909, 0x00b12a3c, 0x35b5420c, 0x16000701, 0x3c173f00, 0x0c00b12a, 0x0120b542,
	0x021f0007, 0x2a3c173f, 0x36000940, 0x00000001, 0x2b002135, 0x42270cb3, 0x0cb32b04, 0x2b044028,
	0x3f0016b1, 0x3c3eb630, 0x2135033a, 0x35b42b02, 0x02281601, 0x0623012b, 0x22032f23, 0x33363307,
	0x3316031f, 0x13363732, 0x26273411, 0x26272627, 0x1f331521, 0x23151603, 0x07060707, 0x07060706,
	0x16171415, 0x27222325, 0x35262726, 0x33363734, 0xcf013336, 0x171f0d31, 0x4b1c2221, 0x200c311b,
	0x1716110a, 0x1c211618, 0x0c09791c, 0x2a292814, 0x26e9affe, 0x0f13181f, 0x24292ab8, 0x100b1e1e,
	0x012c2c05, 0x0f18ae33, 0x18090713, 0xb4110e0d, 0x0325d302, 0x70020809, 0x05020222, 0x19190606,
	0x4a016dfd, 0x1422222e, 0x6d090a2c, 0x110b0502, 0x04032a15, 0x1a111109, 0x4a0e2b1f, 0x03692929,
	0x1b0c0d06, 0x0308091d, 0x23000400, 0x3c020000, 0x0300d302, 0x26000700, 0xaa003400, 0x011f0eb0,
	0x01000a40, 0x01030001, 0x00020018, 0x000a402b, 0x07000105, 0x06041801, 0x0c402b00, 0x0109010b,
	0x02342700, 0x00190818, 0x2c0a402b, 0x23000001, 0x222e1801, 0xb7312b00, 0x282a3032, 0x02082204,
	0x1f0db02b, 0x0c00b100, 0x010c4042, 0x04060502, 0x07040307, 0x3f090003, 0xb12a3c17, 0xb5420c00,
	0x00070127, 0x173f0008, 0x00b12a3c, 0x12b5420c, 0x11000701, 0x3c173f02, 0x0009402a, 0x00000128,
	0x00132700, 0x190cb32b, 0xb32b0434, 0x04321a0c, 0x0008b12b, 0x30b6303f, 0x27032c2e, 0xb42b0213,
	0x1a080127, 0x35012b02, 0x35231523, 0x11011523, 0x27262734, 0x21262726, 0x031f3315, 0x07231516,
	0x06070607, 0x15070607, 0x25161714, 0x26272223, 0x34352627, 0x36333637, 0x77c50133, 0x9c017737,
	0x28150a0a, 0xaffe2a2a, 0x181f26e9, 0x2ab80f13, 0x1e1e2429, 0x2c05100b, 0xae33012c, 0x07130f18,
	0x0e0d1809, 0x5402b411, 0x7f7f7f7f, 0x4a01acfd, 0x1521212f, 0x6d090b2b, 0x110b0502, 0x04032a15,
	0x1a111109, 0x4a0e2b1f, 0x03692929, 0x1b0c0d06, 0x0308091d, 0x23000400, 0x3b020000, 0x1a000f03,
	0x49002a00, 0xc0005700, 0x011f0eb0, 0x02010e40, 0x08070002, 0x0004291d, 0x001b0000, 0x150d402b,
	0x00032521, 0x00021110, 0x000f2300, 0x2e0f402b, 0x00012c01, 0x4a030201, 0x2b180257, 0x402b003c,
	0x00014f0a, 0x18014600, 0x2b004551, 0x1f27b531, 0x021b2302, 0x5355b72b, 0x45044b4d, 0xb02b022b,
	0x40001f0d, 0x00000009, 0x2700010b, 0xb32b000a, 0x041f1700, 0x0c00b12b, 0x014ab542, 0x002b0007,
	0x2a3c173f, 0x420c00b1, 0x070135b5, 0x3f023400, 0x402a3c17, 0x014b0009, 0x4a000000, 0xb32b0036,
	0x04573c0c, 0x3d0cb32b, 0xb12b0455, 0x303f002b, 0x02231bb5, 0x2b020a17, 0x4f5153b6, 0x02364a03,
	0x014ab42b, 0x2b023d2b, 0x26072f01, 0x07222323, 0x17171506, 0x17161716, 0x37323316, 0x07142736,
	0x27222306, 0x37343526, 0x17163336, 0x34111316, 0x26272627, 0x15212627, 0x16031f33, 0x07072315,
	0x07060706, 0x14150706, 0x23251617, 0x27262722, 0x37343526, 0x33363336, 0x0703aa01, 0x0a090e0b,
	0x190f0a0f, 0x22221e08, 0x09030302, 0x26191911, 0x46212224, 0x120f0d0d, 0x110c0d0d, 0x0e0d120b,
	0x140c09d7, 0xfe2a2928, 0x1f26e9af, 0xb80f1318, 0x1e24292a, 0x05100b1e, 0x33012c2c, 0x130f18ae,
	0x0d180907, 0x02b4110e, 0x1515149b, 0x0a070714, 0x22220604, 0x0a10122a, 0x100c1d0e, 0x102a2421,
	0x0d0d0d0c, 0x0c0c1112, 0xfd0e0c03, 0x2e4a0154, 0x2c142222, 0x026d090a, 0x15110b05, 0x0904032a,
	0x1f1a1111, 0x294a0e2b, 0x06036929, 0x1d1b0c0d, 0x00030809, 0x23000200, 0x6f030000, 0x40000f02,
	0x99004c00, 0x011f0eb0, 0x01000e40, 0x15140a09, 0x012b0005, 0x002a0000, 0x000a402b, 0x4c410000,
	0x30081802, 0x09402b00, 0x3a000000, 0x39461801, 0x40312b00, 0x44484a09, 0x46054243, 0xb02b0230,
	0xb1001f0d, 0x40420c00, 0x4102010a, 0x3e070442, 0x3f000001, 0x402a3c17, 0x0908000b, 0x01300002,
	0x000b4c0c, 0x000a402b, 0x2c00010a, 0x14310c01, 0x00b12b00, 0x0b40420c, 0x07022b13, 0x2a291716,
	0x3f021504, 0xb12a3c17, 0xb33f0215, 0x044a310c, 0x0000b12b, 0x46b4303f, 0x02310001, 0x2335212b,
	0x27262722, 0x35213526, 0x36033f21, 0x37333637, 0x070f2335, 0x07060706, 0x2f260706, 0x33152503,
	0x15161732, 0x06070723, 0x06070607, 0x17141507, 0x16352116, 0x27272327, 0x37343526, 0x33363336,
	0x48c16f03, 0x09081614, 0xbefe4401, 0x0a070202, 0x0c141b0c, 0x1312d9e6, 0x0c0f0c0e, 0x03021212,
	0x080e0807, 0x1a171418, 0xe3cffe1a, 0xb01f1f3f, 0x1e24292a, 0x05100b1e, 0x6d012c2c, 0x24a67432,
	0x10191216, 0x6dae0f0c, 0x14140f10, 0x0e166923, 0x06120e10, 0x016d0206, 0x02030101, 0x01070704,
	0x09050402, 0x0b081807, 0x6d010406, 0x033c1313, 0x11110904, 0x0e2b1f1a, 0x3b29294a, 0x05036d3b,
	0x07251f0c, 0x02000308, 0x24ff1e00, 0x0f02ee01, 0x4a003100, 0x0eb08100, 0x0c40011f, 0x0f0e0100,
	0x00012203, 0x00240000, 0x000a402b, 0x26000108, 0x25071801, 0x0a402b00, 0x3d000133, 0x32000001,
	0x402b003c, 0x0245400c, 0x43000139, 0x42380001, 0xb0312b00, 0xb1001f0d, 0xb5420c00, 0x00070101,
	0x173f0000, 0x09402a3c, 0x03000000, 0x02300c01, 0x00b12b00, 0x0a40420c, 0x030e0d0c, 0x02111007,
	0x173f020f, 0x0fb12a3c, 0x00b33f02, 0x2b044736, 0x3f3a00b3, 0x21302b04, 0x22232335, 0x35352627,
	0x33363734, 0x23353317, 0x0706030f, 0x07060706, 0x07063106, 0x07060706, 0x15071506, 0x16041f14,
	0x16171617, 0x26272717, 0x15233523, 0x07153233, 0x022f2306, 0x16171615, 0x36373233, 0x1292ee01,
	0x2d2d2e3e, 0x920e422e, 0x2c2319bb, 0x030a0619, 0x02070504, 0x1416140e, 0x01060616, 0x0f0f0b13,
	0x19322512, 0x05244a4c, 0x374f130c, 0x07054013, 0x26292626, 0x1b231f32, 0x711b1b39, 0x045f1a1a,
	0x011a1962, 0x08030173, 0x01050206, 0x01040202, 0x24191308, 0x0d152224, 0x35251622, 0x1215191b,
	0x03070d25, 0x1d1a7d03, 0x1b682d1f, 0x08031010, 0x040e3c09, 0x001f1f05, 0x1e000200, 0xf2010000,
	0x0300d902, 0x5b002100, 0x011f0eb0, 0x020000b3, 0x0b402b04, 0x010f0119, 0x18011e00, 0x2b001d0c,
	0x1f0db031, 0x0c00b100, 0x0201b742, 0x01030702, 0x173f0900, 0x04b12a3c, 0x09403f00, 0x06000000,
	0x050d0c01, 0x09402b00, 0x00010e00, 0x0c0f0c00, 0x00b12b00, 0x15b6420c, 0x01170701, 0x173f0216,
	0x01302a3c, 0x13172327, 0x27222335, 0x35262726, 0x34213521, 0x36373637, 0x22233533, 0x06070607,
	0x17141515, 0x60810116, 0xb9b6ab90, 0x0d1d1831, 0xfe3a010e, 0x1a1112c6, 0x3fcbe31a, 0x32323333,
	0x4e024141, 0xb2fd8b8b, 0x130c066d, 0x296f2914, 0x06061718, 0x380f0f6d, 0x7604743a, 0x02004849,
	0x00001e00, 0xd902f201, 0x21000300, 0x0eb06100, 0x0940011f, 0x01080000, 0x02000000, 0x0b402b00,
	0x010f0119, 0x18011e00, 0x2b001d0c, 0x1f0db031, 0x0c00b100, 0x0100b742, 0x01030702, 0x173f0902,
	0x04b12a3c, 0x09403f00, 0x06000000, 0x050d0c01, 0x09402b00, 0x00010e00, 0x0c0f0c00, 0x00b12b00,
	0x15b6420c, 0x01170701, 0x173f0216, 0x01302a3c, 0x13330723, 0x27222335, 0x35262726, 0x34213521,
	0x36373637, 0x22233533, 0x06070607, 0x17141515, 0x91d50116, 0xb9c9445f, 0x0d1d1831, 0xfe3a010e,
	0x1a1112c6, 0x3fcbe31a, 0x32323333, 0xd9024141, 0x6db2fd8b, 0x14130c06, 0x18296f29, 0x6d060617,
	0x3a380f0f, 0x49760474, 0x02000048, 0x00001e00, 0xd902f201, 0x24000600, 0x0eb05e00, 0x00b3011f,
	0x2b040300, 0x011c0b40, 0x21000112, 0x200f1801, 0xb0312b00, 0xb1001f0d, 0x40420c00, 0x0202010a,
	0x06040307, 0x3f090003, 0xb12a3c17, 0x403f0007, 0x00000009, 0x100c0109, 0x402b0008, 0x01110009,
	0x120c0000, 0xb12b000f, 0xb6420c00, 0x1a070118, 0x3f021901, 0x302a3c17, 0x07232701, 0x13173733,
	0x27222335, 0x35262726, 0x34213521, 0x36373637, 0x22233533, 0x06070607, 0x17141515, 0x60cd0116,
	0x56456075, 0x31b96956, 0x0e0d1d18, 0xc6fe3a01, 0x1a1a1112, 0x333fcbe3, 0x41323233, 0x8b4e0241,
	0xfd48488b, 0x0c066db2, 0x6f291413, 0x06171829, 0x0f0f6d06, 0x04743a38, 0x00484976, 0x1e000300,
	0xf2010000, 0x0300d302, 0x25000700, 0x0eb07400, 0x0a40011f, 0x00010100, 0x00180103, 0x402b0002,
	0x0105000a, 0x18010700, 0x2b000604, 0x011d0b40, 0x22000113, 0x21101801, 0xb0312b00, 0xb1001f0d,
	0x40420c00, 0x0502010c, 0x03070406, 0x00030704, 0x3c173f09, 0x0008b12a, 0x0009403f, 0x010a0000,
	0x0009110c, 0x0009402b, 0x00000112, 0x0010130c, 0x0c00b12b, 0x0119b642, 0x1a011b07, 0x3c173f02,
	0x3501302a, 0x35231523, 0x35011523, 0x26272223, 0x21352627, 0x37342135, 0x33363736, 0x07222335,
	0x15060706, 0x16171415, 0x3777c501, 0xb9520177, 0x0d1d1831, 0xfe3a010e, 0x1a1112c6, 0x3fcbe31a,
	0x32323333, 0x54024141, 0x7f7f7f7f, 0x066dacfd, 0x2914130c, 0x1718296f, 0x0f6d0606, 0x743a380f,
	0x48497604, 0xe5ff0200, 0xd5000000, 0x0300d902, 0x44000700, 0x011f0eb0, 0x020000b3, 0x0a402b04,
	0x00010500, 0x04180107, 0x312b0006, 0x001f0db0, 0x420c00b1, 0x020201b7, 0x00010307, 0x3c173f09,
	0x0100b52a, 0x00040107, 0x2a3c173f, 0x060100b5, 0x3f020501, 0x302a3c17, 0x17232713, 0x11231113,
	0xac9060d5, 0x4e02903c, 0xb2fd8b8b, 0xf1fd0f02, 0x39000200, 0x29010000, 0x0300d902, 0x44000700,
	0x011f0eb0, 0x020000b3, 0x0a402b04, 0x00010500, 0x04180107, 0x312b0006, 0x001f0db0, 0x420c00b1,
	0x020100b7, 0x02010307, 0x3c173f09, 0x0100b52a, 0x00040107, 0x2a3c173f, 0x060100b5, 0x3f020501,
	0x302a3c17, 0x33072301, 0x11231113, 0x5f912901, 0x02905044, 0xb2fd8bd9, 0xf1fd0f02, 0xecff0200,
	0x21010000, 0x0600d902, 0x47000a00, 0x011f0eb0, 0x030000b3, 0x0a402b04, 0x00010800, 0x0718010a,
	0x312b0009, 0x001f0db0, 0x420c00b1, 0x02010a40, 0x04030702, 0x09000306, 0x2a3c173f, 0x0a0100b5,
	0x3f000701, 0xb52a3c17, 0x01090100, 0x173f0208, 0x01302a3c, 0x33072327, 0x11031737, 0x21011123,
	0x45607560, 0x90105656, 0x8b8b4e02, 0xb2fd4848, 0xf1fd0f02, 0xf4ff0300, 0x19010000, 0x0300d302,
	0x0b000700, 0x0eb05d00, 0x0a40011f, 0x00010100, 0x00180103, 0x402b0002, 0x0105000a, 0x18010700,
	0x2b000604, 0x09000a40, 0x010b0001, 0x000a0818, 0x0db0312b, 0x00b1001f, 0x0c40420c, 0x06050201,
	0x04030704, 0x09000307, 0x2a3c173f, 0x0b0100b5, 0x3f000801, 0xb52a3c17, 0x010a0100, 0x173f0209,
	0x01302a3c, 0x23152335, 0x13152335, 0x01112311, 0x77377719, 0x540290d9, 0x7f7f7f7f, 0x0f02acfd,
	0x0200f1fd, 0xf7ff1a00, 0xcf024702, 0x5e004100, 0x0eb08600, 0x1440011f, 0x40060402, 0x01010541,
	0x45444338, 0x00065d46, 0x00420018, 0x160d402b, 0x04535226, 0x012d0000, 0x002c5118, 0x0f40312b,
	0x5758595b, 0x4c4d4f55, 0x0b484a4b, 0x2b024251, 0x001f0db0, 0x230d0940, 0x15010324, 0x3f011401,
	0x402a3c17, 0x0000000a, 0x0c022423, 0x2b000d57, 0x420c00b1, 0x4a3b0940, 0x3407034b, 0x3f003301,
	0x302a3c17, 0x5d421140, 0x5253555b, 0x46484f51, 0x0d434445, 0x2b020d33, 0x26273525, 0x26272627,
	0x062f2627, 0x27072737, 0x07021f23, 0x17163717, 0x27261716, 0x22272326, 0x06070607, 0x15150607,
	0x17161714, 0x3f333316, 0x37373604, 0x37363736, 0x030f2737, 0x23060706, 0x2726022f, 0x37373526,
	0x33363736, 0x17161717, 0x02161716, 0x01020547, 0x02020203, 0x0f190203, 0x31191c0d, 0x54b31083,
	0x131f3c97, 0x19b11287, 0x19131515, 0x240d1616, 0x121e3228, 0x30271317, 0x333f422e, 0x20262c04,
	0x1b1b2f17, 0x0903050e, 0x018f0603, 0x0a070401, 0x0d2a2223, 0x172b160c, 0x0c070316, 0x1a2a2425,
	0x0c132b18, 0x11fe0404, 0x0f090736, 0x0a0a0706, 0x151a3c07, 0x21301d25, 0x2d352d3d, 0x3d230f18,
	0x1b18132d, 0x05030b1e, 0x11111b01, 0x4e3c1d17, 0x44445304, 0x06031314, 0x131d0909, 0x0c071627,
	0x2d271215, 0x15140f26, 0x01161719, 0x23120601, 0x1c202e25, 0x0215152a, 0x16251106, 0x02000c0d,
	0x00003d00, 0xd3021f02, 0x3c001d00, 0x0eb06000, 0x0b40011f, 0x0e000129, 0x0000020f, 0x2b001000,
	0x32000a40, 0x01300001, 0x002f3118, 0x0db0312b, 0x03b6001f, 0x0001020b, 0x173f091a, 0x13b62a3c,
	0x01110101, 0x173f0910, 0x09402a3c, 0x3001012b, 0x1e033c31, 0x3c173f00, 0x0009402a, 0x00000132,
	0x002d330c, 0x022fb12b, 0x001eb13f, 0x2301303f, 0x032f2306, 0x060f0623, 0x1f333633, 0x16171602,
	0x36373233, 0x27341113, 0x27262726, 0x27262726, 0x27262726, 0x33112326, 0x16173311, 0x16171617,
	0x01131715, 0x1f0d30b7, 0x0c232018, 0x110c1518, 0x05070c0d, 0x210a3106, 0x17200f0a, 0x250b100b,
	0x0276191a, 0x0d070401, 0x1713110e, 0x550d2316, 0x708aac37, 0x15090d25, 0x01010603, 0x0325d302,
	0x03020809, 0x13110c07, 0x22170d12, 0x08060202, 0x191a0201, 0x4e016cfd, 0x140b160c, 0x0b161720,
	0x03090611, 0xfd010202, 0x029a01f1, 0x0f0a0501, 0xfe0b0d12, 0x030000b1, 0xf5ff1900, 0xd9024802,
	0x3d000300, 0x8c005c00, 0x011f0eb0, 0x020000b3, 0x0c402b04, 0x2700014e, 0x01260228, 0x00254c18,
	0x3a0e402b, 0x33000204, 0x045c5b40, 0x3e3c1800, 0x40312b00, 0x56575912, 0x50525455, 0x4647484a,
	0x0e424445, 0x2b023e4c, 0x001f0db0, 0x420c00b1, 0x020201b7, 0x00010307, 0x3c173f09, 0x0c00b12a,
	0x1f0a4042, 0x07035654, 0x10021211, 0x3c173f02, 0x0c00b12a, 0x4436b742, 0x00070345, 0x173f002f,
	0x40302a3c, 0x5b5c3e0e, 0x4c4e5059, 0x0a40424a, 0x2b02102f, 0x17232701, 0x022f3401, 0x26022f26,
	0x022b2627, 0x06070706, 0x06070607, 0x06070607, 0x06070607, 0x15150607, 0x1716021f, 0x33161716,
	0x3736033f, 0x36373637, 0x36373637, 0x06071427, 0x2f230607, 0x26272603, 0x36373435, 0x36373637,
	0x17173733, 0x17161716, 0x607f0117, 0x0e01ab90, 0x070d100f, 0x1b0e0c0b, 0x153e3335, 0x0a0b1104,
	0x08040611, 0x1c350509, 0x0e0f0d1d, 0x01030308, 0x25121603, 0x39333427, 0x231f1e1b, 0x1021202e,
	0x02030c09, 0x0d910102, 0x2a22210e, 0x090a0e0c, 0x0a141331, 0x1a11120b, 0x191b0d0e, 0x0c112d1a,
	0x4e020403, 0xcafe8b8b, 0x1923252d, 0x0d0d090f, 0x0213131c, 0x02040202, 0x02030201, 0x141d1c15,
	0x0e162319, 0x32041010, 0x222c441f, 0x02131223, 0x150b0704, 0x1e15281d, 0x160b1c1b, 0x2421020c,
	0x01181626, 0x14030301, 0x2c2c2a28, 0x12151d1e, 0x0303080c, 0x13251507, 0x03002217, 0xf5ff1900,
	0xd9024802, 0x3d000300, 0x93005c00, 0x011f0eb0, 0x00000a40, 0x00021715, 0x00020000, 0x4e0e402b,
	0x23210001, 0x26042827, 0x254c1801, 0x0c402b00, 0x40000104, 0x00035c5b, 0x003e3c18, 0x1240312b,
	0x55565759, 0x4a505254, 0x45464748, 0x4c0e4244, 0xb02b023e, 0xb1001f0d, 0xb7420c00, 0x07020100,
	0x09020103, 0x2a3c173f, 0x420c00b1, 0x541f0a40, 0x11070356, 0x02100212, 0x2a3c173f, 0x420c00b1,
	0x454436b7, 0x2f000703, 0x3c173f00, 0x0e40302a, 0x595b5c3e, 0x4a4c4e50, 0x2f0a4042, 0x012b0210,
	0x01330723, 0x26022f34, 0x2726022f, 0x06022b26, 0x07060707, 0x07060706, 0x07060706, 0x07060706,
	0x1f151506, 0x16171602, 0x3f331617, 0x37373603, 0x37363736, 0x27363736, 0x07060714, 0x032f2306,
	0x35262726, 0x37363734, 0x33363736, 0x16171737, 0x17171617, 0x5f91d301, 0x0f210144, 0x0b070d10,
	0x351b0e0c, 0x04153e33, 0x110a0b11, 0x09080406, 0x1d1c3505, 0x080e0f0d, 0x03010303, 0x27251216,
	0x1b393334, 0x2e231f1e, 0x09102120, 0x0202030c, 0x0e0d9101, 0x0c2a2221, 0x31090a0e, 0x0b0a1413,
	0x0e1a1112, 0x1a191b0d, 0x030c112d, 0x8bd90204, 0x252dcafe, 0x090f1923, 0x131c0d0d, 0x02020213,
	0x02010204, 0x1c150203, 0x2319141d, 0x10100e16, 0x441f3204, 0x1223222c, 0x07040213, 0x281d150b,
	0x1c1b1e15, 0x020c160b, 0x16262421, 0x03010118, 0x2a281403, 0x1d1e2c2c, 0x080c1215, 0x15070303,
	0x22171325, 0x19000300, 0x4802f5ff, 0x0600d902, 0x5f004000, 0x0eb08f00, 0x00b3011f, 0x2b040300,
	0x01510c40, 0x022b2a00, 0x4f180129, 0x402b0028, 0x02073d0e, 0x5e433600, 0x1800045f, 0x2b00413f,
	0x5c124031, 0x5758595a, 0x4b4d5355, 0x4748494a, 0x414f0e45, 0x0db02b02, 0x00b1001f, 0x0a40420c,
	0x07020201, 0x03060403, 0x173f0900, 0x00b12a3c, 0x0a40420c, 0x03595722, 0x02151407, 0x173f0213,
	0x00b12a3c, 0x39b7420c, 0x07034847, 0x3f003200, 0x302a3c17, 0x5f410e40, 0x51535c5e, 0x43454d4f,
	0x0213320a, 0x2327012b, 0x17373307, 0x022f3413, 0x26022f26, 0x022b2627, 0x06070706, 0x06070607,
	0x06070607, 0x06070607, 0x15150607, 0x1716021f, 0x33161716, 0x3736033f, 0x36373637, 0x36373637,
	0x06071427, 0x2f230607, 0x26272603, 0x36373435, 0x36373637, 0x17173733, 0x17161716, 0x60cb0117,
	0x56456075, 0x100fc156, 0x0c0b070d, 0x33351b0e, 0x1104153e, 0x06110a0b, 0x05090804, 0x0d1d1c35,
	0x03080e0f, 0x16030103, 0x34272512, 0x1e1b3933, 0x202e231f, 0x0c091021, 0x01020203, 0x210e0d91,
	0x0e0c2a22, 0x1331090a, 0x120b0a14, 0x0d0e1a11, 0x2d1a191b, 0x04030c11, 0x8b8b4e02, 0xcafe4848,
	0x1923252d, 0x0d0d090f, 0x0213131c, 0x02040202, 0x02030201, 0x141d1c15, 0x0e162319, 0x32041010,
	0x222c441f, 0x02131223, 0x150b0704, 0x1e15281d, 0x160b1c1b, 0x2421020c, 0x01181626, 0x14030301,
	0x2c2c2a28, 0x12151d1e, 0x0303080c, 0x13251507, 0x03002217, 0xf5ff1900, 0xd3024802, 0x4f001500,
	0x97006e00, 0x011f0eb0, 0x090000b3, 0x0c402b04, 0x39000160, 0x0138023a, 0x00375e18, 0x4c0e402b,
	0x45000216, 0x046e6d52, 0x504e1800, 0x40312b00, 0x68696b12, 0x62646667, 0x58595a5c, 0x0e545657,
	0x2b02505e, 0x001f0db0, 0x010103b5, 0x3f091200, 0xb32a3c17, 0x040c0700, 0x0100b52b, 0x0909010a,
	0x2a3c173f, 0x420c00b1, 0x66310a40, 0x23070368, 0x02220224, 0x2a3c173f, 0x420c00b1, 0x575648b7,
	0x41000703, 0x3c173f00, 0x0e40302a, 0x6b6d6e50, 0x5c5e6062, 0x410a5254, 0x012b0222, 0x2f230623,
	0x33072203, 0x17173336, 0x33161716, 0x13363732, 0x26022f34, 0x2726022f, 0x06022b26, 0x07060707,
	0x07060706, 0x07060706, 0x07060706, 0x1f151506, 0x16171602, 0x3f331617, 0x37373603, 0x37363736,
	0x27363736, 0x07060714, 0x032f2306, 0x35262726, 0x37363734, 0x33363736, 0x16171737, 0x17171617,
	0x0d31cd01, 0x2221171f, 0x311b4b1c, 0x1d1c210a, 0x100c081a, 0x881c1c21, 0x070d100f, 0x1b0e0c0b,
	0x153e3335, 0x0a0b1104, 0x08040611, 0x1c350509, 0x0e0f0d1d, 0x01030308, 0x25121603, 0x39333427,
	0x231f1e1b, 0x1021202e, 0x02030c09, 0x0d910102, 0x2a22210e, 0x090a0e0c, 0x0a141331, 0x1a11120b,
	0x191b0d0e, 0x0c112d1a, 0xd3020403, 0x08090325, 0x05227002, 0x02010805, 0x85fe1919, 0x1923252d,
	0x0d0d090f, 0x0213131c, 0x02040202, 0x02030201, 0x141d1c15, 0x0e162319, 0x32041010, 0x222c441f,
	0x02131223, 0x150b0704, 0x1e15281d, 0x160b1c1b, 0x2421020c, 0x01181626, 0x14030301, 0x2c2c2a28,
	0x12151d1e, 0x0303080c, 0x13251507, 0x04002217, 0xf5ff1900, 0xd3024802, 0x07000300, 0x5e003f00,
	0x0eb0a700, 0x0a40011f, 0x00010100, 0x00180103, 0x402b0002, 0x0216150c, 0x07000105, 0x06041801,
	0x0c402b00, 0x28000150, 0x00032a29, 0x00274e18, 0x3c0e402b, 0x35000208, 0x045e5d42, 0x403e1800,
	0x40312b00, 0x58595b12, 0x52545657, 0x48494a4c, 0x0e444647, 0x2b02404e, 0x001f0db0, 0x420c00b1,
	0x02010c40, 0x07040605, 0x03070403, 0x173f0900, 0x00b12a3c, 0x0a40420c, 0x03585623, 0x02161507,
	0x173f0214, 0x00b12a3c, 0x38b7420c, 0x07034746, 0x3f003100, 0x302a3c17, 0x5e400e40, 0x50525b5d,
	0x42444c4e, 0x0214310a, 0x2335012b, 0x23352315, 0x2f340115, 0x022f2602, 0x2b262726, 0x07070602,
	0x07060706, 0x07060706, 0x07060706, 0x031f1506, 0x17161716, 0x033f3316, 0x36373736, 0x36373637,
	0x14273637, 0x06070607, 0x26032f23, 0x34352627, 0x36373637, 0x37333637, 0x17161717, 0x01171716,
	0x773777c3, 0x100faa01, 0x0c0b070d, 0x33351b0e, 0x1104153e, 0x06110a0b, 0x05090804, 0x0e1b1c35,
	0x010e0f0f, 0x110d0904, 0x35362526, 0x1f1e1b36, 0x21202e23, 0x030c0910, 0x91010202, 0x22210e0d,
	0x0a0e0c2a, 0x14133109, 0x11120b0a, 0x1b0d0e1a, 0x112d1a19, 0x0204030c, 0x7f7f7f54, 0x2dc4fe7f,
	0x0f192325, 0x1c0d0d09, 0x02021313, 0x01020402, 0x15020302, 0x18161b1c, 0x32222525, 0x2c24201f,
	0x12132322, 0x0b070402, 0x15281d15, 0x0b1c1b1e, 0x21020c16, 0x18162624, 0x03030101, 0x2c2a2814,
	0x151d1e2c, 0x03080c12, 0x25150703, 0x00221713, 0x7b000300, 0xc3026200, 0x1200f201, 0x2b001600,
	0x0eb04200, 0x18b3011f, 0x2b040800, 0x14000a40, 0x01160001, 0x00151300, 0x0009402b, 0x00011f00,
	0x00211718, 0x0db0312b, 0x0cb3001f, 0x2b040c04, 0x16000a40, 0x01150001, 0x0014130c, 0x1b0cb32b,
	0x302b0425, 0x26273401, 0x06072223, 0x16171415, 0x37373633, 0x17363736, 0x05152135, 0x23262734,
	0x07060706, 0x17141506, 0x37363316, 0x36373637, 0x1010d801, 0x11101818, 0x0d161310, 0x020b0509,
	0xb8fdeb10, 0x11115f01, 0x0a0b0d17, 0x10100f07, 0x05090d18, 0x0111020b, 0x101019b9, 0x15181110,
	0x04011013, 0x10020603, 0x5f6262a7, 0x01110e19, 0x0f070504, 0x10101918, 0x06030401, 0x03001102,
	0xf8ff1800, 0x17024802, 0x49003e00, 0x91005d00, 0x011f0eb0, 0x3d051240, 0x0700033e, 0x504e4c33,
	0x00075c52, 0x004a0018, 0x1110402b, 0x1b00022a, 0x22201d1c, 0x18000628, 0x2b001e42, 0x59104031,
	0x54565758, 0x48493f53, 0x0c404446, 0x2b024a42, 0x1e015bb4, 0xb02b0200, 0xb1001f0d, 0xb7420c00,
	0x06070146, 0x0205020d, 0x2a3c173f, 0x420c00b1, 0x01590940, 0x2d2c2907, 0x3f002803, 0xb12a3c17,
	0x303f002f, 0x584a1240, 0x53545657, 0x4c4e5052, 0x4042443f, 0x02052f0e, 0x5b5cb52b, 0x02052802,
	0x2734012b, 0x23372726, 0x022f2607, 0x030f2326, 0x07060706, 0x14070f06, 0x16171617, 0x3307031f,
	0x33331637, 0x37363732, 0x37363736, 0x37363736, 0x37363736, 0x26072737, 0x36373435, 0x021f3233,
	0x07060714, 0x0f061506, 0x030f0602, 0x16372722, 0x14124802, 0x1f584020, 0x13121416, 0x291f3827,
	0x151d1c17, 0x05140103, 0x0907150d, 0x03020304, 0x0a0a0304, 0x43190b0c, 0x5c481f58, 0x0e160e06,
	0x36112911, 0x0a02011d, 0x09090402, 0xc7c50805, 0x272a2a17, 0x50151327, 0x02010102, 0x110e0401,
	0x0d1b1613, 0xc825290e, 0x2712010f, 0x4e263634, 0x07040d25, 0x08030904, 0x130e0d07, 0x06130103,
	0x1c142812, 0x0f311210, 0x270b1611, 0x2210130e, 0x0223234a, 0x080c0501, 0x02022d1c, 0x1105030f,
	0xc2271115, 0x414130ee, 0x0706272b, 0x040e149c, 0x07020607, 0x16171d0c, 0x01020807, 0x0030ec16,
	0x39000200, 0x19020000, 0x0300d902, 0x58001700, 0x011f0eb0, 0x020000b3, 0x0a402b04, 0x00010500,
	0x04180107, 0x402b0006, 0x1200000a, 0x18011001, 0x2b000f0e, 0x1f0db031, 0x0c00b100, 0x0201b742,
	0x01030702, 0x173f0900, 0x00b12a3c, 0x07b6420c, 0x00070208, 0x173f0004, 0x00b72a3c, 0x0f0e0601,
	0x3f020503, 0x302a3c17, 0x17232701, 0x11231113, 0x26272723, 0x23112627, 0x16171411, 0x16171617,
	0x90607b01, 0x718be2ac, 0x07151620, 0x07068a08, 0x302e1d0c, 0x8b8b4e02, 0x0f02b2fd, 0x050364fe,
	0x01151308, 0x24b2fe64, 0x2e161b1d, 0x02001110, 0x00003900, 0xd9021902, 0x17000300, 0x0eb05900,
	0x00b3011f, 0x2b040200, 0x05000a40, 0x01070001, 0x00060418, 0x0c0b402b, 0x01120001, 0x0e180110,
	0x312b000f, 0x001f0db0, 0x420c00b1, 0x020100b7, 0x02010307, 0x3c173f09, 0x0c00b12a, 0x0807b642,
	0x04000702, 0x3c173f00, 0x0100b72a, 0x030f0e06, 0x173f0205, 0x01302a3c, 0x13330723, 0x23112311,
	0x27262727, 0x11231126, 0x17161714, 0x01161716, 0x445f91cf, 0x20718bf6, 0x08071516, 0x0c07068a,
	0x02302e1d, 0xb2fd8bd9, 0x64fe0f02, 0x13080503, 0xfe640115, 0x1b1d24b2, 0x11102e16, 0x39000200,
	0x19020000, 0x0600d902, 0x5c001a00, 0x011f0eb0, 0x030000b3, 0x0a402b04, 0x00010800, 0x0718010a,
	0x402b0009, 0x00010f0b, 0x01130115, 0x00121118, 0x0db0312b, 0x00b1001f, 0x0a40420c, 0x07020201,
	0x03060403, 0x173f0900, 0x00b12a3c, 0x0ab6420c, 0x0007020b, 0x173f0007, 0x00b72a3c, 0x12110901,
	0x3f020803, 0x302a3c17, 0x07232701, 0x13173733, 0x23112311, 0x27262727, 0x11231126, 0x17161714,
	0x01161716, 0x607560c7, 0x96565645, 0x1620718b, 0x8a080715, 0x1d0c0706, 0x4e02302e, 0x48488b8b,
	0x0f02b2fd, 0x050364fe, 0x01151308, 0x24b2fe64, 0x2e161b1d, 0x03001110, 0x00003900, 0xd3021902,
	0x07000300, 0x72001b00, 0x011f0eb0, 0x01000a40, 0x01030001, 0x00020018, 0x000a402b, 0x07000105,
	0x06041801, 0x0a402b00, 0x00010900, 0x0818010b, 0x402b000a, 0x0001100b, 0x01140116, 0x00131218,
	0x0db0312b, 0x00b1001f, 0x0c40420c, 0x06050201, 0x04030704, 0x09000307, 0x2a3c173f, 0x420c00b1,
	0x020c0bb6, 0x00080007, 0x2a3c173f, 0x0a0100b7, 0x09031312, 0x3c173f02, 0x3501302a, 0x35231523,
	0x11011523, 0x27231123, 0x26272627, 0x14112311, 0x16171617, 0xbf011617, 0x01773777, 0x20718b7f,
	0x08071516, 0x0c07068a, 0x02302e1d, 0x7f7f7f54, 0x02acfd7f, 0x0364fe0f, 0x15130805, 0xb2fe6401,
	0x161b1d24, 0x0011102e, 0x39000200, 0x190243ff, 0x0300d902, 0x75002c00, 0x011f0eb0, 0x020000b3,
	0x0b402b04, 0x01270000, 0x18021f06, 0x2b000504, 0x0c0b0f40, 0x010f030d, 0x11022423, 0x100e1801,
	0xb0312b00, 0xb1001f0d, 0xb7420c00, 0x07020100, 0x09020103, 0x2a3c173f, 0x050100b7, 0x0403100f,
	0x3c173f02, 0x0c00b12a, 0x060d4042, 0x1a070207, 0x1e1d1c1b, 0x0019061f, 0x2a3c173f, 0x420c00b1,
	0x070123b6, 0x07240125, 0x2a3c173f, 0x07230130, 0x11231733, 0x26272223, 0x2311032f, 0x16171411,
	0x16171617, 0x0714063b, 0x21152106, 0x37363737, 0x01363736, 0x445f91cf, 0x25718bf6, 0x07031515,
	0x1a880102, 0x21182d19, 0x0f0c290d, 0x251d1712, 0xddfe1514, 0x1e1f1201, 0x142f0f22, 0x8bd90214,
	0x0a64fe3f, 0x0b120c0a, 0xfe51010e, 0x2c2c4bba, 0x04050a13, 0x6b14142a, 0x08090402, 0x00302f1a,
	0x3b000200, 0x4a0243ff, 0x1900cf02, 0x78002900, 0x011f0eb0, 0x02010c40, 0x1c0a0002, 0x00180002,
	0x402b001a, 0x100d000e, 0x05232211, 0x18010f00, 0x2b000e0c, 0x280a4031, 0x20242526, 0x1a0c061e,
	0x0db02b02, 0x00b1001f, 0x24b7420c, 0x07032625, 0x3f020c00, 0xb52a3c17, 0x010e0100, 0x173f010d,
	0x00b52a3c, 0x0f011001, 0x3c173f07, 0x0c00b12a, 0x0122b642, 0x11011207, 0x3c173f00, 0x1ab7302a,
	0x041c1e28, 0x2b020c11, 0x26272701, 0x26272627, 0x26272627, 0x11233523, 0x37333533, 0x36373637,
	0x14273637, 0x06070607, 0x11230607, 0x32373337, 0x4a021617, 0x0c040501, 0x14102013, 0xb9301a13,
	0x2d798c8c, 0x1e212725, 0x06933919, 0x26170b06, 0x1b167527, 0x27294827, 0x1c1d1501, 0x1f301e11,
	0x090c0a13, 0x74fcc011, 0x090502bd, 0x501f1011, 0x181a246b, 0x09092012, 0x01012b01, 0x03001e1d,
	0x43ff3900, 0xd3021902, 0x07000300, 0x8e003000, 0x011f0eb0, 0x01000a40, 0x01030001, 0x00020018,
	0x000a402b, 0x07000105, 0x06041801, 0x0b402b00, 0x012b0000, 0x1802230a, 0x2b000908, 0x100f0f40,
	0x01130311, 0x15022827, 0x14121801, 0xb0312b00, 0xb1001f0d, 0x40420c00, 0x0502010c, 0x03070406,
	0x00030704, 0x3c173f09, 0x0100b72a, 0x03141309, 0x173f0208, 0x00b12a3c, 0x0d40420c, 0x07020b0a,
	0x21201f1e, 0x1d062322, 0x3c173f00, 0x0c00b12a, 0x0127b642, 0x28012907, 0x3c173f07, 0x3501302a,
	0x35231523, 0x23051523, 0x27222311, 0x11032f26, 0x17141123, 0x17161716, 0x14063b16, 0x15210607,
	0x36373721, 0x36373637, 0x3777bf01, 0x8b7f0177, 0x15152571, 0x01020703, 0x2d191a88, 0x290d2118,
	0x17120f0c, 0x1514251d, 0x1201ddfe, 0x0f221e1f, 0x0214142f, 0x7f7f7f54, 0x64fe457f, 0x120c0a0a,
	0x51010e0b, 0x2c4bbafe, 0x050a132c, 0x14142a04, 0x0904026b, 0x302f1a08, 0x01000000, 0xa4030000,
	0x99000100, 0x07000003, 0x01009600, 0x6aff0100, 0x6c000100, 0x01006aff, 0x6aff6e00, 0x9a000100,
	0x0900c9ff, 0xa5ff0900, 0x0e000900, 0x0900b2ff, 0xd2ff3200, 0x42000900, 0x0900c3ff, 0xaaff4400,
	0x45000900, 0x0900b0ff, 0xaaff4600, 0x50000900, 0x0900aeff, 0xaeff5200, 0x56000900, 0x0900c4ff,
	0xd4ffac00, 0xba000900, 0x0900c4ff, 0xafffcc00, 0xd2000900, 0x0d00c4ff, 0x6aff6c00, 0x6e000d00,
	0x0f006aff, 0x6aff6c00, 0x6e000f00, 0x22006aff, 0xf4ff3100, 0x36002400, 0x2b001200, 0xd9ff2300,
	0xb2002b00, 0x2e00dcff, 0x0e002200, 0x34002e00, 0x2f000b00, 0xf2ff2d00, 0x35002f00, 0x3000f6ff,
	0x0b002200, 0x30003000, 0x30002400, 0xf4ff3400, 0x09003800, 0x3800d2ff, 0x98ff0d00, 0x0f003800,
	0x380098ff, 0xdbff1c00, 0x2b003800, 0x3800c3ff, 0xd9ff4400, 0x46003800, 0x3800ddff, 0xb3ff9a00,
	0x09003b00, 0x3b00cdff, 0xd2ff2300, 0x4c003b00, 0x3b00dcff, 0xd5ffb200, 0xd2003b00, 0x4200ddff,
	0xddff0a00, 0x56004200, 0x4200ddff, 0xd0ff6c00, 0x6e004200, 0x4300d0ff, 0xb0ff0a00, 0x6c004300,
	0x4300c7ff, 0xc9ff6e00, 0x0d004700, 0x4700b0ff, 0xb0ff0f00, 0x6c004900, 0x4900d4ff, 0xd4ff6e00,
	0x0a004e00, 0x4e00dcff, 0xdcff5600, 0x5a004e00, 0x4e00ddff, 0xceff6c00, 0x6e004e00, 0x4f00ceff,
	0xd7ff6c00, 0x6e004f00, 0x5000d7ff, 0xaeff0a00, 0x6c005000, 0x5000c5ff, 0xc7ff6e00, 0x0a005100,
	0x5100b3ff, 0xc5ff6c00, 0x6e005100, 0x5300c7ff, 0xb9ff0a00, 0x0d005300, 0x53006aff, 0x6aff0f00,
	0x0a005400, 0x5600bdff, 0xdbff0a00, 0x0d005700, 0x5700a3ff, 0xa3ff0f00, 0x0d005800, 0x5800d0ff,
	0xd0ff0f00, 0x38006000, 0x600082ff, 0xc2ff4700, 0x55006000, 0x6000b5ff, 0xddff5600, 0x57006000,
	0x60009aff, 0xbdff5800, 0x6c006000, 0x60006aff, 0x6aff6e00, 0xb2006000, 0x6000d7ff, 0xc2ffb500,
	0x38006200, 0x620093ff, 0xd3ff4700, 0x55006200, 0x6200c6ff, 0xabff5700, 0x58006200, 0x6200ceff,
	0x6aff6c00, 0x6e006200, 0x62006aff, 0xd3ffb500, 0x09006b00, 0x6b00d3ff, 0x6aff0d00, 0x0f006b00,
	0x6b006aff, 0xd8ff1c00, 0x2b006b00, 0x6b006aff, 0xc3ff4400, 0x45006b00, 0x6b00d0ff, 0xcaff4600,
	0x48006b00, 0x6b00d0ff, 0xc8ff5000, 0x52006b00, 0x6b00caff, 0xd3ff5400, 0x9a006b00, 0x6b0087ff,
	0xc7ffcc00, 0x01006c00, 0x6c00dbff, 0xeeff5400, 0x6c006c00, 0x6d00eeff, 0xd3ff0900, 0x0d006d00,
	0x6d006aff, 0x6aff0f00, 0x1c006d00, 0x6d00d7ff, 0x6aff2b00, 0x44006d00, 0x6d00c2ff, 0xcfff4500,
	0x46006d00, 0x6d00c9ff, 0xcfff4800, 0x50006d00, 0x6d00c7ff, 0xc9ff5200, 0x54006d00, 0x6d00d2ff,
	0x87ff9a00, 0xcc006d00, 0x9a00c6ff, 0xc9ff0100, 0x38009a00, 0x9a00a5ff, 0xbaff5700, 0x58009a00,
	0x9a00ddff, 0x83ff6c00, 0x6e009a00, 0xac0083ff, 0xd2ff0a00, 0x2300b200, 0xb200d0ff, 0xddff4300,
	0x4900b200, 0xb200ddff, 0xddff4a00, 0x4c00b200, 0xb200daff, 0xddff4e00, 0x4f00b200, 0xb200ddff,
	0xddff5100, 0x5300b200, 0xb200ddff, 0xd3ffb200, 0x0a00ba00, 0xba00ddff, 0xddff5600, 0x6c00ba00,
	0xba00d0ff, 0xd0ff6e00, 0x0a00cc00, 0xcc00aeff, 0xc5ff6c00, 0x6e00cc00, 0xd200c7ff, 0xdbff0a00,
	0x14000000, 0x0100f600, 0x00000000, 0x84000000, 0x01000000, 0x00000000, 0x06000100, 0x01008400,
	0x00000000, 0x07000200, 0x01008a00, 0x00000000, 0x14000300, 0x01009100, 0x00000000, 0x0e000400,
	0x0100a500, 0x00000000, 0x0d000500, 0x0100b300, 0x00000000, 0x0e000600, 0x0100c000, 0x00000000,
	0x1c000700, 0x0100ce00, 0x00000000, 0x4c000d00, 0x0100ea00, 0x00000000, 0x1b000e00, 0x03003601,
	0x09040100, 0x08010000, 0x03005101, 0x09040100, 0x0c000100, 0x03005902, 0x09040100, 0x0e000200,
	0x03006502, 0x09040100, 0x28000300, 0x03007302, 0x09040100, 0x1c000400, 0x03009b02, 0x09040100,
	0x1a000500, 0x0300b702, 0x09040100, 0x1c000600, 0x0300d102, 0x09040100, 0x38000700, 0x0300ed02,
	0x09040100, 0x98000d00, 0x03002503, 0x09040100, 0x36000e00, 0x704fbd03, 0x45436e65, 0x654e203a,
	0x776f7477, 0x62202c6e, 0x6f522079, 0x20726567, 0x74696857, 0x31282065, 0x29343939, 0x6572202c,
	0x7361656c, 0x62206465, 0x74692079, 0x75612073, 0x726f6874, 0x746e6920, 0x6874206f, 0x75702065,
	0x63696c62, 0x6d6f6420, 0x3b6e6961, 0x73657220, 0x65636170, 0x79622064, 0x65685420, 0x65704f20,
	0x2045436e, 0x6a6f7250, 0x20746365, 0x68747541, 0x2073726f, 0x32303228, 0x704f2936, 0x45436e65,
	0x75676552, 0x4f72616c, 0x436e6570, 0x65522d45, 0x616c7567, 0x2e323b72, 0x4f303030, 0x436e6570,
	0x65522045, 0x616c7567, 0x72655672, 0x6e6f6973, 0x302e3220, 0x704f3030, 0x45436e65, 0x6765522d,
	0x72616c75, 0x61657243, 0x20646574, 0x54207962, 0x2d657079, 0x69736544, 0x72656e67, 0x302e3320,
	0x73696854, 0x6e6f4620, 0x6f532074, 0x61777466, 0x69206572, 0x696c2073, 0x736e6563, 0x75206465,
	0x7265646e, 0x65687420, 0x4c495320, 0x65704f20, 0x6f46206e, 0x4c20746e, 0x6e656369, 0x202c6573,
	0x73726556, 0x206e6f69, 0x2e312e31, 0x70747468, 0x2f2f3a73, 0x6e65706f, 0x746e6f66, 0x6563696c,
	0x2e65736e, 0x0067726f, 0x0070004f, 0x006e0065, 0x00450043, 0x0020003a, 0x0065004e, 0x00740077,
	0x0077006f, 0x002c006e, 0x00620020, 0x00200079, 0x006f0052, 0x00650067, 0x00200072, 0x00680057,
	0x00740069, 0x00200065, 0x00310028, 0x00390039, 0x00290034, 0x0020002c, 0x00650072, 0x0065006c,
	0x00730061, 0x00640065, 0x00620020, 0x00200079, 0x00740069, 0x00200073, 0x00750061, 0x00680074,
	0x0072006f, 0x00690020, 0x0074006e, 0x0020006f, 0x00680074, 0x00200065, 0x00750070, 0x006c0062,
	0x00630069, 0x00640020, 0x006d006f, 0x00690061, 0x003b006e, 0x00720020, 0x00730065, 0x00610070,
	0x00650063, 0x00200064, 0x00790062, 0x00540020, 0x00650068, 0x004f0020, 0x00650070, 0x0043006e,
	0x00200045, 0x00720050, 0x006a006f, 0x00630065, 0x00200074, 0x00750041, 0x00680074, 0x0072006f,
	0x00200073, 0x00320028, 0x00320030, 0x00290036, 0x0070004f, 0x006e0065, 0x00450043, 0x00650052,
	0x00750067, 0x0061006c, 0x004f0072, 0x00650070, 0x0043006e, 0x002d0045, 0x00650052, 0x00750067,
	0x0061006c, 0x003b0072, 0x002e0032, 0x00300030, 0x004f0030, 0x00650070, 0x0043006e, 0x00200045,
	0x00650052, 0x00750067, 0x0061006c, 0x00560072, 0x00720065, 0x00690073, 0x006e006f, 0x00320020,
	0x0030002e, 0x00300030, 0x0070004f, 0x006e0065, 0x00450043, 0x0052002d, 0x00670065, 0x006c0075,
	0x00720061, 0x00720043, 0x00610065, 0x00650074, 0x00200064, 0x00790062, 0x00540020, 0x00700079,
	0x002d0065, 0x00650044, 0x00690073, 0x006e0067, 0x00720065, 0x00330020, 0x0030002e, 0x00680054,
	0x00730069, 0x00460020, 0x006e006f, 0x00200074, 0x006f0053, 0x00740066, 0x00610077, 0x00650072,
	0x00690020, 0x00200073, 0x0069006c, 0x00650063, 0x0073006e, 0x00640065, 0x00750020, 0x0064006e,
	0x00720065, 0x00740020, 0x00650068, 0x00530020, 0x004c0049, 0x004f0020, 0x00650070, 0x0020006e,
	0x006f0046, 0x0074006e, 0x004c0020, 0x00630069, 0x006e0065, 0x00650073, 0x0020002c, 0x00650056,
	0x00730072, 0x006f0069, 0x0020006e, 0x002e0031, 0x002e0031, 0x00740068, 0x00700074, 0x003a0073,
	0x002f002f, 0x0070006f, 0x006e0065, 0x006f0066, 0x0074006e, 0x0069006c, 0x00650063, 0x0073006e,
	0x002e0065, 0x0072006f, 0x00000067, 0x00000200, 0x00000000, 0x3200b5ff, 0x00000000, 0x00000000,
	0x00000000, 0x00000000, 0x00000000, 0x0000d600, 0x04000300, 0x06000500, 0x08000700, 0x0a000900,
	0x0c000b00, 0x0e000d00, 0x10000f00, 0x12001100, 0x14001300, 0x16001500, 0x18001700, 0x1a001900,
	0x1c001b00, 0x1e001d00, 0x20001f00, 0x22002100, 0x24002300, 0x26002500, 0x28002700, 0x2a002900,
	0x2c002b00, 0x2e002d00, 0x30002f00, 0x32003100, 0x34003300, 0x36003500, 0x38003700, 0x3a003900,
	0x3c003b00, 0x3e003d00, 0x40003f00, 0x42004100, 0x44004300, 0x46004500, 0x48004700, 0x4a004900,
	0x4c004b00, 0x4e004d00, 0x50004f00, 0x52005100, 0x54005300, 0x56005500, 0x58005700, 0x5a005900,
	0x5c005b00, 0x5e005d00, 0x60005f00, 0xc4006100, 0xc500a600, 0x8200ab00, 0xd800c200, 0xe400c600,
	0xb000be00, 0xb700b600, 0xb500b400, 0xb2008700, 0xd900b300, 0xe5008c00, 0xb100bf00, 0xa300bb00,
	0x85008400, 0x9600bd00, 0x8600e800, 0x8b008e00, 0xa9009d00, 0x8a00a400, 0x8300da00, 0xf2009300,
	0x8d00f300, 0x88009700, 0xde00c300, 0x9e00f100, 0xf500aa00, 0xf600f400, 0xad00a200, 0xc700c900,
	0x6200ae00, 0x90006300, 0xcb006400, 0xc8006500, 0xcf00ca00, 0xcd00cc00, 0xe900ce00, 0xd3006600,
	0xd100d000, 0x6700af00, 0x9100f000, 0xd400d600, 0x6800d500, 0xed00eb00, 0x6a008900, 0x6b006900,
	0x6c006d00, 0xa0006e00, 0x71006f00, 0x72007000, 0x75007300, 0x76007400, 0xea007700, 0x7a007800,
	0x7b007900, 0x7c007d00, 0xa100b800, 0x7e007f00, 0x81008000, 0xee00ec00, 0x0000ba00,
};
const unsigned int ae_font_opence_size = 49692;
#endif
